j***4,1 包装还行。拆开包装 ，把手机拿起来的时候触发了抬头唤醒功能屏幕亮了，说明本身是开机状态。2 查过激活码，未激活。我激活后再查，激活日期与我购租日期一致。基本排除官换机、翻新机等等。初步确认是全正品行货3 再根据手机型号开头字母确认非官换机。上述第二条验证成立。4 之前看某位麦粒儿朋友拆开包装发现摄像头里面有灰尘。本人拆开仔细检查了，摄像头、机身、无任何一粒灰尘、无任何擦伤损坏。本人戴眼镜视力优秀。5 a12地球最强芯片百度查资料速度**比我去年租的台式电脑还快1.5倍。爽。6 续航服了，五体投地。很爽！7 抢到了减800的券秒下单。11号过0点下单14号下午送到。128g黄色6200拿到手。非常爽！8 完！,2018-11-15 08:16:38,http://img30.360buyimg.com/shaidan/s616x405_jfs/t26500/343/1741452158/221453/329361d1/5becbae5Nb904e1b4.jpg;http://img30.360buyimg.com/shaidan/s616x405_jfs/t28399/240/248534883/223491/34b1ad12/5becbae6N9b7c0bd1.jpg;http://img30.360buyimg.com/shaidan/s616x405_jfs/t28465/236/257991482/161628/8fdb24d9/5becbae5N8270e45d.jpg
幸***我,这苹果XR手机就是给力，做工秒杀一切，无敌啦，比我的6S强多了，大长今大长脸特好看，贼喜欢，双卡手机，性价比高，像素强大的很，拍出照片真实，别看一个摄像头，这摄像头比6S摄像头大多了好看漂亮，6500大洋值！速度太快了，不亏是A12八核心滴，秒杀俺滴6S，下载的软件很兼容，反应速度特快，之前租了一部安卓机子退了不习惯，还是ios系统流畅。好了说一说快递包装吧，太简易了吧？一定改正哦，辛好手机盒子没事，再问一句现在这产品包装是这样子的吗？第三图，用一段时间再来追加评论&hellip;,2018-12-13 00:52:42,http://img30.360buyimg.com/shaidan/s616x405_jfs/t1/24103/5/1349/917427/5c113ccdEf67a281e/b59e6488e93d37b0.jpg;http://img30.360buyimg.com/shaidan/s616x405_jfs/t1/26562/6/1364/844871/5c113ccfE22cfbe07/73bf50274a2b1252.jpg;http://img30.360buyimg.com/shaidan/s616x405_jfs/t1/25329/31/1399/900148/5c113cd3E22939711/a18bb68ccf9c02a5.jpg;http://img30.360buyimg.com/shaidan/s616x405_jfs/t1/24996/25/1385/692546/5c113cd6Ea901fb7b/535996bd75bf565f.jpg;http://img30.360buyimg.com/shaidan/s616x405_jfs/t1/10225/29/4897/1060814/5c113cd7Eae902a28/2e11e31ce9c4c822.jpg;http://img30.360buyimg.com/shaidan/s616x405_jfs/t1/28396/28/1409/798378/5c113cd9E71827db2/920ffaba4a4263ae.jpg;http://img30.360buyimg.com/shaidan/s616x405_jfs/t1/7737/4/9002/795460/5c113cdaE47856b28/34922e871f83618a.jpg
l***s,系统不错，从p9过来的，操作顺滑。缺点是重，厚，续航没在意，都说续航好，感觉和8P差不多。黑边可以无视，透明的壳看上去还行，就是厚。最纠结的就是分辨率，当然没有网上说的那么不堪，但是很多软件没有适配，看字是有种模糊的感觉，屏幕的细腻程度比不上8P。其他也没啥了！争取都用几年！,2018-11-15 21:21:16,http://img30.360buyimg.com/shaidan/s616x405_jfs/t28633/212/270471734/60340/9c7ecc9e/5bed72c7Ne39df99e.jpg;http://img30.360buyimg.com/shaidan/s616x405_jfs/t26206/243/1766617663/48164/d6808c81/5bed72c8N0fa01e2f.jpg;http://img30.360buyimg.com/shaidan/s616x405_jfs/t30835/290/271237473/58556/c4bc36d0/5bed72c8N7e52868f.jpg;http://img30.360buyimg.com/shaidan/s616x405_jfs/t28606/222/275914005/67906/8a887913/5bed72c9N22d4a2a3.jpg;http://img30.360buyimg.com/shaidan/s616x405_jfs/t28786/218/262312745/191658/1ea7bc65/5bed72caN880d28c5.jpg;http://img30.360buyimg.com/shaidan/s616x405_jfs/t26431/286/1770215433/194719/3e421502/5bed72cbN33fba083.jpg;http://img30.360buyimg.com/shaidan/s616x405_jfs/t26416/277/1760640502/153687/b9ea51ca/5bed72cbNaf29f15e.jpg;http://img30.360buyimg.com/shaidan/s616x405_jfs/t26776/207/1814816280/176216/a0bdd717/5bed72ccNd6e20e18.jpg
陈凯199001,速度很快、开锁也是、就是晚上没有灯光一样人脸解锁手机、拍照出来的效果和xs没区别，拍照很棒。对屏幕要求不是太高的我，感觉屏幕分辨率和ppi都够用了，手感还可以很容易上手的一款手机。送货和包装都很满意、快递员很负责任，下雨也等着我。不满的地方：手机太厚了，比我的小6厚很多，黑边有点宽，这些都能接受，整体是挺不错的，手机性能还是不错的，测试了很多游戏，运行很是流畅（如王者、吃鸡、狂8，蜘蛛侠2，混沌）都无压力,2018-11-08 08:07:30,http://img30.360buyimg.com/shaidan/s616x405_jfs/t1/9355/5/7327/215096/5be37e42E4e75aef9/b5eb0e308b2bd42b.jpg;http://img30.360buyimg.com/shaidan/s616x405_jfs/t1/10520/28/3522/260664/5be37e42E6731a84e/a8fe5870df252fcf.jpg;http://img30.360buyimg.com/shaidan/s616x405_jfs/t1/9873/13/7498/229284/5be37e42Eaa41cfde/afae6744972aa60a.jpg;http://img30.360buyimg.com/shaidan/s616x405_jfs/t1/8509/16/7466/349631/5be37e42Ea2448efc/2e13bd33803d3ac7.jpg;http://img30.360buyimg.com/shaidan/s616x405_jfs/t1/8441/11/7340/266515/5be37e42Ea3d3a405/46cdae1c579c64fb.jpg;http://img30.360buyimg.com/shaidan/s616x405_jfs/t1/10320/39/3426/351506/5be37e42E0620610e/c39ecc278db82f9f.jpg
d***m,第一次在网上租手机，好不错。是正品。苹果终于可以双卡双待啦。好多新功能在摸索中。没有评论里说的分辨率那么低，还是很清晰。使用过后再续评。要是能送个手机壳、贴膜就好了。还有为什么没有转换头。,2018-11-14 21:20:25,http://img30.360buyimg.com/shaidan/s616x405_jfs/t29023/66/222527302/282839/4bf4433b/5bec2119Nc9cfd547.jpg;http://img30.360buyimg.com/shaidan/s616x405_jfs/t27016/32/1761652865/307209/ee605e0/5bec2119N837467cb.jpg;http://img30.360buyimg.com/shaidan/s616x405_jfs/t27562/88/1747776878/222439/ae7b592f/5bec2119N7495d596.jpg;http://img30.360buyimg.com/shaidan/s616x405_jfs/t27169/141/1788128271/229779/924fff85/5bec2119N825b52f2.jpg;http://img30.360buyimg.com/shaidan/s616x405_jfs/t24703/86/2665756220/186446/e0e38845/5bec2119Nb8a48a72.jpg;http://img30.360buyimg.com/shaidan/s616x405_jfs/t28978/62/263945447/226340/ea2ef40/5bec2119N45553520.jpg;http://img30.360buyimg.com/shaidan/s616x405_jfs/t28849/61/242711197/298071/924c5ca5/5bec2119Neb52ac7b.jpg;http://img30.360buyimg.com/shaidan/s616x405_jfs/t24802/74/2160801644/263171/dba6aac8/5bec2119Nef40e2cb.jpg
大***熙,苹果一千优蕙卷：质量好（djd.red/xr）复/.置/输入括呺/内@内蓉，/到.，流览嚣打开领/曲。非常好整体感觉手机很不错，安兔兔不能跑分，双卡感觉很实用，瞬间把手机提升一个档次。各项配置并不突出，但是一个a12把手机的性能强行提高到业界精英，下载了国外的跑分软件测试了下，跑分排行与xs.max相差不到500分，比x多了几万分。说是720的屏幕但是显示效果完全看不出来，摄像头有点鸡肋，和三年前的小米5持平。我的主卡是移动，副卡是联通坐标天津河北区，移动信号4格，联通信号5格，切换联通上网的时候有时候不能链接网络，得等会，电池方面，第一天测试早上7点百分之100，不怎么玩只是聊聊~~，到晚上7点还有百分之50的电量，第二天测试，前一天23点开启的飞行模式第二天早上7点起床还是百分百的电量，白天打了几把游戏看了看和聊天到晚上7点还有35个电。充电2个半小时充满。祖传的5w充电头。在购租方面没有货比三家感觉在麦粒儿租亏了，人家送无线充电器保护壳和钢化膜，这点让我有点不爽，总结手机除了拍照不行其他都可以！,2018-11-10 17:20:02,http://img30.360buyimg.com/shaidan/s616x405_jfs/t29353/49/72392969/79785/cc6c4a9b/5be6a2bfNd8662bfb.jpg;http://img30.360buyimg.com/shaidan/s616x405_jfs/t28825/52/64948929/85968/399d1a15/5be6a2bfNacbb8320.jpg;http://img30.360buyimg.com/shaidan/s616x405_jfs/t29203/28/68094582/25921/fde1ba43/5be6a2beNd882c70b.jpg;http://img30.360buyimg.com/shaidan/s616x405_jfs/t27418/37/1573978768/49762/ff4dce5d/5be6a2bfN32440903.jpg;http://img30.360buyimg.com/shaidan/s616x405_jfs/t24901/96/2520893522/49762/ff4dce5d/5be6a2bfN12b31e88.jpg;http://img30.360buyimg.com/shaidan/s616x405_jfs/t24721/49/2451043777/69243/77a194dc/5be6a2bfN2ef20f1b.jpg;http://img30.360buyimg.com/shaidan/s616x405_jfs/t30493/215/63852650/66003/c0f03143/5be6a2bfN25f91914.jpg;http://img30.360buyimg.com/shaidan/s616x405_jfs/t28774/56/66714563/552554/7a51b3dd/5be6a2c1Nb2c85229.jpg
长***鹅,最近手上的iPhone X （在保） 使用过程中一旦发热屏幕刘海周围失灵并出现自动胡乱点击，发热区域主要集中在摄像头靠下区域，严重影响正常使用需要维修，随有换机想法，刚好XR发售，主要看上双卡双待、苹果系统。麦粒儿26日下单，27日到货（麦粒儿物流没得说）。送货没在没当面验机！使用半天发如下实际感受供大家参考：1、麦粒儿包装真是简陋，就一个很小的纸盒子，没有任何减震措施。2、收到货后拆包装，机子处于开机状态，很是吃惊?以为租到退货机子。看到评论有人也是这种情况，估计是快递包装过于简陋挤压造成误碰电源按键。3、关于大黑边框：真心宽，比x大一倍，感觉机子像戴了厚套！真心丑（如果之前用x肯定接受不了），比例感觉很不协调。4、关于厚度：有点厚，带套子真心显厚！5、关于摄像头：拍照效果很不错，感觉和X的差别不大！摄像头镜头很大还突出，个人觉得不是太美观，6、关于大小：本人男生，单手不能完成所有操作，原来用x单手可完全操作！比X宽了边，长了一小截！7、关于屏幕：分辨率无法和X相比，略有颗粒感！看同一张照片对比发现色彩还原和X几乎相同！屏幕整体泛黄（开了原彩）。,2018-10-28 01:11:41,http://img30.360buyimg.com/shaidan/s616x405_jfs/t1/731/3/13167/676032/5bd49c37Eb9b334f5/9cfd67bc17ce8eb9.jpg;http://img30.360buyimg.com/shaidan/s616x405_jfs/t1/1057/34/12916/499908/5bd49c38E7a3198c8/f89a051a2ebc7972.jpg;http://img30.360buyimg.com/shaidan/s616x405_jfs/t1/8094/31/2962/498747/5bd49c39E9dfc669e/b8dd2cc779525e81.jpg;http://img30.360buyimg.com/shaidan/s616x405_jfs/t1/409/12/13098/323876/5bd49c3aE373e01dd/14aa301907dd6d0e.jpg;http://img30.360buyimg.com/shaidan/s616x405_jfs/t1/3762/13/12746/379909/5bd49c3aEeec031ed/9efc2ae52d3b0550.jpg;http://img30.360buyimg.com/shaidan/s616x405_jfs/t1/2667/6/12844/1117887/5bd49c3bE420219dc/934e2f43e5c5c9de.jpg;http://img30.360buyimg.com/shaidan/s616x405_jfs/t1/521/1/13168/528616/5bd49c3cE1cca6cba/ed56a5c966eebeba.jpg;http://img30.360buyimg.com/shaidan/s616x405_jfs/t1/7129/11/2928/486239/5bd49c45E5eeaf60a/981f961b33ca6548.jpg;http://img30.360buyimg.com/shaidan/s616x405_jfs/t1/981/12/13047/437829/5bd49c4cEd2d48217/56a5009d74e98792.jpg
j***e,iPhone xr用了将近一周过来评价，给大家一点建议，希望有用。首先，这是我第一次在麦粒儿这么认真的评价，感觉得对大家负责一点，没有托，实话实说，大家在考虑换什么手机肯定和我有一样的体验8p x xr 三个选择一个，我当时也是这样的。几个月前就想租8p，但是以为新品出来会降价，（这里大家也是这么想的吧）但是却涨价，而且长得很多，和官网一个价.然后我就考虑三个到底谁好，在网上也看了很多测评什么的。然后选择这款手机，我下面把大家考虑的问题给大家解答1，肯定是黑边问题了。这里我得和大家说，建议你们先去实体店体验一次，黑边确实要宽，但是还没有到那种特别丑地步，而且当你真正使用手机之后是一点感觉不到黑边粗还是细。而且说手机厚，但是对于我来说手感刚刚好，加上6.1的屏幕。手感还是不错的。如果你是那种特别挑剔的话，建议你x或者xs xsMax，那个确实好看2，屏幕分辨率，这样说，如果你不是拿显微镜看手机，那就不必考虑这个，这个屏幕做的真的可以，拍照像素，虽然单慑，运用a12处理器真的好 3，电池真的长久，一天中度使用没问题.加上双卡，性价比可以的 4，a12处理器杠杠的，跑分36万，游戏之王。,2018-11-07 19:36:34,http://img30.360buyimg.com/shaidan/s616x405_jfs/t1/7053/39/7172/351466/5be2ce42E387633e1/6a25b19b58841e4f.jpg;http://img30.360buyimg.com/shaidan/s616x405_jfs/t1/11921/40/314/290626/5be2ce41E3b06b82e/ddd49c851423c3f0.jpg;http://img30.360buyimg.com/shaidan/s616x405_jfs/t1/8868/23/6925/368706/5be2ce42Ebbcc75f2/fdc045348bc4c7fb.jpg;http://img30.360buyimg.com/shaidan/s616x405_jfs/t1/11731/13/303/414419/5be2ce42E882627aa/c45c9cf0b6baa4fe.jpg;http://img30.360buyimg.com/shaidan/s616x405_jfs/t1/6313/25/7525/365664/5be2ce42Ef5cdf415/ca9b1bc8e978e9f6.jpg;http://img30.360buyimg.com/shaidan/s616x405_jfs/t1/7561/13/7178/313346/5be2ce42Eb3912b71/7999beb3912faa76.jpg;http://img30.360buyimg.com/shaidan/s616x405_jfs/t1/7301/27/7237/369215/5be2ce42E283f8b32/2bf59c29dfee8df3.jpg;http://img30.360buyimg.com/shaidan/s616x405_jfs/t1/9636/17/7145/371862/5be2ce42E1dc68d65/81c0ac886663c5ba.jpg;http://img30.360buyimg.com/shaidan/s616x405_jfs/t1/11879/7/320/86647/5be2ce41E62581303/05124f069c611a8b.jpg
j***0,用了很多款的iPhone，我在购租之前看了很多评论，所以特意先说明，我租苹果，不影响我爱国。我租苹果唯一的原因就是，别管我用几年，都不会卡机到我烦心。真心话就是，手机升级了这么多代，没有太大的惊喜，不过，我用手机的要求就是不卡。用过安卓系统机器，一段时间后，卡的让我无法接受，所以还是继续换回来。至于现在还在用，纯属习惯了这个系统，不想在琢磨来琢磨去，到底换什么手机了。而且双卡双待特别符合我的要求。我不是专业摄影人事，也不玩游戏，所以分辨率和像素问题对我影响不大，拍摄室内近景，与iPhoneX差不多效果。另外，这款手机明显电池耐用一些。非常棒了。至于包装有点奇怪怪是麦粒儿的封条，不过，我还是相信麦粒儿的货源应该是正品。赠送了一张移动什么卡，我并没有用。使用了几天后，来评论，还是满足了我的期待！另外，我觉得面容ID比第一款使用的X要灵敏些。比X大了那么一点点。因为双卡，也厚一点点，看不出太大得区别。,2018-12-29 21:54:23,http://img30.360buyimg.com/shaidan/s616x405_jfs/t1/15689/24/3467/232891/5c277c8fE890a43ce/ee1a66f4ab31d63a.jpg;http://img30.360buyimg.com/shaidan/s616x405_jfs/t1/25501/9/3590/250329/5c277c8fEff3c1292/6debff8c5ed00de0.jpg;http://img30.360buyimg.com/shaidan/s616x405_jfs/t1/16062/34/3479/259977/5c277c8fE4ff0eadd/f375925dcdd45853.jpg
简***7,手机收到很满意，从6s换到xr觉得挺好用。一直犹豫租xs还是xr，但是觉得xs屏太小，又觉得max屏太大，所以选了xr，大小刚好，比8p小点，还能单手操作，超级喜欢。至于大黑边能接受，屏幕分辨率也够用，不影响。总之很喜欢。信任麦粒儿，都在这租了好几个苹果手机了！,2018-11-20 09:47:59,http://img30.360buyimg.com/shaidan/s616x405_jfs/t28561/140/449076818/203272/fad289fa/5bf367cfNe19580d4.jpg;http://img30.360buyimg.com/shaidan/s616x405_jfs/t27550/210/1990435234/111377/a3daa499/5bf367cfNf35cc742.jpg;http://img30.360buyimg.com/shaidan/s616x405_jfs/t29170/140/445173127/136656/6811715f/5bf367cfN3282e52f.jpg;http://img30.360buyimg.com/shaidan/s616x405_jfs/t27526/220/1975445835/94074/11a0642d/5bf367cfNc9556b43.jpg
h***9,双十一凌晨0-2点，优惠八百，6189下单，十二号晚上7点到手，用了一天，很完美。包装有麦粒儿封条，查看包装盒背面序列号，官网查询未@，拆包装，检查手机卡托上面序列号与包装盒上一致，外观无任何问题，背部摄像头里面也没有像一些人说的有一两颗灰尘什么的，@，一切水到渠成。手机很流畅，续航很好很好，面部识别特别灵敏，而且全黑环境下也能轻松快速地识别解锁，面部识别准确率超高，然后信号的话，WIFI很快，满意，我是联通卡，暂时用的一张卡，图片里面4G情况下显示的2格信号?，有时候3格，可能是自己家里面信号接收不好。但是，但是在外面联通4G是满格。而且不管家里还是外面，4G上网速度都挺快，还挺稳定，还有打电话通话也好，并没有像大家说的信号烂，或许和个人所处位置，信号基站覆盖有关。目前我个人使用很满意，手机很好，后续再追评。,2018-11-13 22:59:02,http://img30.360buyimg.com/shaidan/s616x405_jfs/t30172/58/218121094/494189/c7cee15a/5beae6b5N91d3dfc1.jpg;http://img30.360buyimg.com/shaidan/s616x405_jfs/t26170/237/1727278024/372002/c25ae215/5beae6b5Nd84be7ca.jpg;http://img30.360buyimg.com/shaidan/s616x405_jfs/t28372/156/198607364/535012/b5a0363/5beae6b5N80b63b9d.jpg;http://img30.360buyimg.com/shaidan/s616x405_jfs/t30841/248/200593950/456844/edd1dbb/5beae6b5Nba8f91fd.jpg;http://img30.360buyimg.com/shaidan/s616x405_jfs/t29083/161/213084421/639588/d1053ba8/5beae6b5N4a56ca9b.jpg;http://img30.360buyimg.com/shaidan/s616x405_jfs/t25996/302/2654021735/686206/18f58c05/5beae6b5N7674fd90.jpg;http://img30.360buyimg.com/shaidan/s616x405_jfs/t29989/146/204395063/213502/87800122/5beae6b5N6f6ace4a.jpg;http://img30.360buyimg.com/shaidan/s616x405_jfs/t26320/239/1730847019/242003/17498a27/5beae6b5N2c26a578.jpg
1***4,1、整体感觉划算，首先说双卡、可以打电话短信一个卡，数据走另外一个卡，设置好就可以了。比较人性化，苹果的双卡也没那么鸡肋。信号问题等以后测试，据说有卡2无信号打不进来电话的情况。2、厚，非常的感觉厚，收到机子后我一度不想用想直接卖了，不过经过一晚上导资料的过程中使用感觉还是挺好，可以接受吧，要知道我之前是一个X，一个7P，而且是7P主力机，X备用机。所以对于XR直接当主力机已经待遇它很好了，因为它双卡，否则我绝对不租。3、屏幕，LCD的，说实话我没看出来有啥区别。效果还是很不错的。4、拍照，大概拍了几张，还不错，现在的3-4摄像头多数是噱头，主力还是近摄大光圈就基本够用了，要拍长焦，还是最起码单反吧。5、最后总结，比X大，比7P小，比他俩都厚，还沉，价格不错，需要双卡功能，不想装B，图实用的，推荐购租。电池貌似是新三款里面最大最耐用的。反正我一向认为手机是工具，够用为主，装B为辅，现在国产安卓的外形基本跟iphone设计都差不多，屏幕还各种大，你就算租个MAX也不一定有人知道你拿的啥，对吧。6、最后说一句，我觉得不存***的话128够了，足足够，其实64都够用，只要你不自拍。,2018-12-02 05:01:52,
r***3,上午时间一到就看到订单动起来，开始打印发货，下午就收到了，麦粒儿物流没的说，快！手机拿到手里还是沉甸甸的，比较有质感，打开APP运行速度也很快，就是还没租保护套，不敢用，玻璃手机不经摔呀。,2018-10-26 17:22:22,http://img30.360buyimg.com/shaidan/s616x405_jfs/t1/7277/22/2536/61330/5bd2dccaE2581a303/796812107c8c89c6.jpg;http://img30.360buyimg.com/shaidan/s616x405_jfs/t1/3696/34/12240/68091/5bd2dccbE731159f3/64c6f48c39d77ed9.jpg;http://img30.360buyimg.com/shaidan/s616x405_jfs/t1/9224/12/2646/80147/5bd2dcccE64d2b786/593894a77ba0985f.jpg;http://img30.360buyimg.com/shaidan/s616x405_jfs/t1/9831/2/2544/52875/5bd2dccdEab0a759a/5cd33d463abae582.jpg
猪***i,在8P和Xr之间犹豫了一下，最终决定入手xr，电子产品租新不租旧！由于家里有一台8P了，经过这几天的使用发现xr的优缺点1、A12芯片加持的xr整机运行相当给力，不过日常使用对比8p没有很明显的感觉。2、手机屏幕对比8p明显有一层灰蒙蒙的感觉，毕竟分辨率差异摆在那，但是色彩比8P鲜艳，强光下的可视度比8p稍好。边宽个人感觉还可以接受，另外由于大部分APP并未适配，加上xr分辨率太低，造成使用体验很差！3、全新的面容解锁相比指纹解锁还是方便很多，各种手势一气呵成。砍掉了三维触控太不习惯了，对我来说这个功能真心太方便了！可惜，太可惜了！最后赞一下麦粒儿物流的配送速度，太赞了,2018-11-06 23:05:26,http://img30.360buyimg.com/shaidan/s616x405_jfs/t1/10332/6/2630/199918/5be1adb6Ea5343d7f/d0f6b487fd5a61c4.jpg
木***大,用了那么多天现在才来评论。对于分辨率我是觉得很清晰，之前我也认为这样低的分辨率加上6.1寸屏显示效果应该很**33，有一次去实体店玩看到这手机出乎我的意料，没想到可以做到怎么好的显示效果！本来打算现在手上用的SE换个电池再战三年等支持5G的手机，有了动摇。加上双十一优惠活动就毫不犹豫下手哈哈。对了手机续航非常给力，一天里王者两小时，刷头条边听网易云两小时，上班正常的使用微信，下班回到家还有百分之三十的电。系统相对SE感觉更滑一点。还有那个face ID确实很方便，对于夏天手很容易出汗来说真的非常便利，再也不用担心手湿指纹识别不出的尴尬，还有一个好用的功能就是当有推送消息在锁屏如果手机扫描不到主人的脸只显示有提示没有内容，当扫到主人的脸时会显示提示内容，这个很赞。想租的人最好去实体店摸摸后在决定比较好啦,2018-11-25 11:44:42,http://img30.360buyimg.com/shaidan/s616x405_jfs/t29980/210/637164486/583323/e04985f8/5bfa1a9eN8a400758.jpg;http://img30.360buyimg.com/shaidan/s616x405_jfs/t29770/245/649805312/570498/f45a5cbc/5bfa1aaaN548ffcde.jpg
京***人,不错哦！屏幕有点点小擦花，本来想换，但不影响使用，就无所谓了！,2018-12-15 13:10:40,
倦***春,小六正式退休，08年9月份出来，11月份麦粒儿入手，用到18年12月份，整整4年，手机没任何问题，摔过20次以上，保护壳加膜，换了差不多10多套，到现在只有轻微的磕碰，就是电池不耐用了，如果不是天天烦恼两张SIM都要用，还真舍不得换XR。虽然安卓机便宜又强大，但是论拍照和系统，用iPhone 是绝对不会让你有一年一换机的想法。写完评论手机已经用了两个小时，下了几个软件，，电量用了不到百分之十，一直在听歌，面容解锁秒开，还以为没有屏幕锁定，因为对着屏幕，一唤醒就解锁了，把脸扭一边就得让你输密码或者提示你扫脸。这就是实实在在的实用感受。,2018-12-13 21:23:19,http://img30.360buyimg.com/shaidan/s616x405_jfs/t1/9345/30/9027/382131/5c125d47Ecba76c8b/0cb55e23f5fc0d39.jpg
j***p,1.不错。就是包装?太简陋了。为啥不弄气泡袋塞满盒子中的空隙呢。2.手机刚到是关机状态。看了外壳和配件都是完好的。冰凉的很爽。3.我是8p过来的。所以有对比。分辨率确实不是很精致。稍显边缘模糊。没有8p显示图标边缘清晰。但是大致是不错的。4.边框我可以接受。换个深色壁纸就好多了?。就是手机有些厚。比8p还厚。?这点我没想过。5.手机电量不显示百分比挺不爽的，我都不知道充满电了没。还非得下拉菜单才能看到百分比。着实麻烦一点?。6.比8p屏幕黄点。关了原彩也黄。不关更黄?。但是我去对比过。xs和x都比8p黄。想当初我从6换8p的时候已经比6黄了。现在越租越黄哈哈。苹果是要闹哪样。7.外形比8p好看多了。毕竟现在都是全面屏。我用着8p虽然很舒服。但是外观好low...就想租个全面屏。8.当初也在考虑x和xr租哪个。但是去实体店看了x。虽然精致。但屏幕看着眼睛不舒服。我经常用手机看电视剧。我可不想看一下就眼疼。xr和我的8p都是lcd屏。看着不会不舒服。而且让我花6000租个17年出的x。总觉得很奇怪。租新不租旧嘛。我的第一个手机就是5c。很好。9.原装耳机线有些细,2019-01-10 11:31:14,http://img30.360buyimg.com/shaidan/s616x405_jfs/t1/11808/2/5709/221353/5c36bc82Ebee0ece7/6c2d63a3b3d87160.jpg;http://img30.360buyimg.com/shaidan/s616x405_jfs/t1/19928/32/4852/281958/5c36bc82E491a3f2d/100c0764287eaf6a.jpg;http://img30.360buyimg.com/shaidan/s616x405_jfs/t1/14212/38/4943/279330/5c36bc82Ef1d72fa6/7f0ca01a54582ea0.jpg;http://img30.360buyimg.com/shaidan/s616x405_jfs/t1/16696/40/4861/200411/5c36bc82Ef2464f3c/bd0318a7c542bffc.jpg;http://img30.360buyimg.com/shaidan/s616x405_jfs/t1/16151/33/4970/271326/5c36bc82E058b1e00/ff455b93f43d9a74.jpg;http://img30.360buyimg.com/shaidan/s616x405_jfs/t1/32765/21/14/219354/5c36bc82E87efc4a4/fab8264f1c41d407.jpg;http://img30.360buyimg.com/shaidan/s616x405_jfs/t1/30111/17/12/263224/5c36bc82Ebb173af1/610b5b4729bd3423.jpg;http://img30.360buyimg.com/shaidan/s616x405_jfs/t1/25642/2/4813/254620/5c36bc82E5fb5964c/16b86138f37dcded.jpg;http://img30.360buyimg.com/shaidan/s616x405_jfs/t1/29174/27/4820/215830/5c36bc82E00437413/56da79a370753149.jpg
_***遥,送老婆的礼物，因为她没时间变更手机，我暂时用了几天。把我所感受到的实际情况告诉朋友们一下，仅供参考。首先声明下，手机只是工具，自己顺手就好不是为了取悦他人，讲究那么多上纲上线，何必那么累？简单粗暴优缺点。缺点：1.部分人反应的没错，刷网页时，文字分辨率稍低，不如我用的8。2.手机厚度有点增加，比较重，屏幕两边黑条确实宽了些拉低档次。3.某些习惯和之前有了区别，控制中心从上滑改为右上角下滑，按压Home键回桌面改为从最底层往上滑还原桌面（非常灵敏很好用），因为刘海屏占空间的原因，电池剩余比例以不显示等。4.感觉充电比8要慢一些。优点:说心底话，几乎都是优点，上述所谓的缺点可以忽略不计。拍照清晰迅速 运行非常流畅 屏占比比8高出很多 做工精细品质高 各个软件都非常精致且不卡顿。现在的价格 绝对值得入手，a12的处理器 何必租8p呢？当时看中了一句话:电器租新不租旧。现在非常满意。,2019-01-08 23:27:08,http://img30.360buyimg.com/shaidan/s616x405_jfs/t1/11216/21/5561/236290/5c34c12dE6f11d1b8/40ff0397ccd61a1e.jpg;http://img30.360buyimg.com/shaidan/s616x405_jfs/t1/17377/22/4709/255875/5c34c14cE486bf5e8/4af7ae80716cdf91.jpg;http://img30.360buyimg.com/shaidan/s616x405_jfs/t1/14303/33/4732/279491/5c34c12dEed3f9c25/4592eb4063a29926.jpg;http://img30.360buyimg.com/shaidan/s616x405_jfs/t1/10488/38/8217/205497/5c34c12dE71075f27/59e352c0758e0386.jpg;http://img30.360buyimg.com/shaidan/s616x405_jfs/t1/19259/6/4743/293693/5c34c12dEda129b52/b59592eab95eff65.jpg
三***爹,观望了好久，看见租的人很少，但是最终还是决定入手。什么边框停航母什么颗粒屏幕差，a12和价位才是王道。昨天下午下的单，今天上午到的。麦粒儿快递一直很给力。有两个很大的问题就是收到以后的手机包装保护太简陋了。就是一个纸壳，里面就是手机盒。拿到的瞬间我在怀疑这是不是麦粒儿？因为我之前用的手机是华为荣耀，包装拆开以后有防摔的那个气泡薄膜，还有一层防水的包装。最后才是手机壳，那可是千元机啊，这五六千的手机麦粒儿心也也太大了吧你不心疼我还心疼呢。还有就是手机包装没有麦粒儿防撕毁标志，因为我怕手机给人动手脚。包装是麦粒儿最大的问题，其它问题待后续追评。手机使用了几个小时感觉真的很爽，两个字超快。开机以后就是检验了序列号然后跑了个分，分数35万。我可以负责任的说吊打什么骁龙845麒麟980（845最高29万980最高31万），跑分的时候手机稍微发热，毕竟第一次跑分的时候处理器发热很正常。还有那些说边框停航母，屏幕颗粒大的，如果你用手机全程盯着边框看，还拿着放大镜操作手机的话我也无话可说，最主要的原因是这个价位已经不错了。你觉得xr**为什么不租xs max？最后说一句:国产崛起，华为牛比，苹果**。真香！,2018-12-31 11:31:34,http://img30.360buyimg.com/shaidan/s616x405_jfs/t1/27608/8/3611/107233/5c298d91E175c7d69/d9cdb82566b6278a.jpg;http://img30.360buyimg.com/shaidan/s616x405_jfs/t1/9830/1/11257/123510/5c298d92E43ca4116/ae2b679b12639431.jpg;http://img30.360buyimg.com/shaidan/s616x405_jfs/t1/19089/38/3625/111471/5c298d92Ea80088d0/03f15d3f35c8abdc.jpg;http://img30.360buyimg.com/shaidan/s616x405_jfs/t1/7257/18/11198/79114/5c298d93Ef7eafaf8/ebe11e76a7f25db4.jpg;http://img30.360buyimg.com/shaidan/s616x405_jfs/t1/24343/24/3621/151207/5c298d93E7f4cc2c0/5c8a161520f44052.jpg;http://img30.360buyimg.com/shaidan/s616x405_jfs/t1/14662/36/3619/55881/5c298d94E5bc7760f/1f9a670c15c51835.jpg;http://img30.360buyimg.com/shaidan/s616x405_jfs/t1/26544/13/3609/84854/5c298d94E65a4afce/266d5b442bcbb25d.jpg;http://img30.360buyimg.com/shaidan/s616x405_jfs/t1/17285/31/3716/90604/5c298d95E5d354828/f56d3f690ed5f7d3.jpg;http://img30.360buyimg.com/shaidan/s616x405_jfs/t1/16289/20/3593/138025/5c298d96E3ba6e736/abc2808fd50e2b92.jpg
Max孔孔,max用了两个多月 oled屏幕眼睛实在受不了，尤其我重度吃鸡患者。又租了部xr，骚黄色非常赞，也挺香。,2019-01-06 20:40:20,http://img30.360buyimg.com/shaidan/s616x405_jfs/t1/24123/25/4482/389268/5c31f734Ea1a7a2f4/1203be45937c6f52.jpg;http://img30.360buyimg.com/shaidan/s616x405_jfs/t1/27667/22/4491/275829/5c31f734Ec9d2ee3d/ce07a44985b181f6.jpg;http://img30.360buyimg.com/shaidan/s616x405_jfs/t1/15888/38/4365/233524/5c31f734Ea9538aa2/d69a030916669bfe.jpg;http://img30.360buyimg.com/shaidan/s616x405_jfs/t1/24918/34/4567/275881/5c31f734E12d5ab1b/9f84fd803638680a.jpg;http://img30.360buyimg.com/shaidan/s616x405_jfs/t1/9134/15/12089/422765/5c31f734E7703ba12/303812a83d6fcc6a.jpg
凯***i,第一次比较放心的在东上租苹果手机，除了外包装和太简陋之外，其他倒是没有可以挑剔。相比X和XS，XR的屏幕颜色偏亮了点，在双卡双待上很成功，切换上网卡时间比安卓的快很多，信号的显示和反应上会稍微慢一点（租的是2108通用型号）。电池续航能力确实如官网等介绍的，可能由于年底加班多没有时间看手机缘故，每天用电竟然剩余80以上，两天甚至三天一充，重度用的情况还得进一步论证。最主要说一下颜色，个人认为除了深空灰有点雾霾灰的感觉，其余五款颜色都非常正宗，虽然自己租的蓝色，但感觉白色的比X和XS要好看很多。,2018-12-31 01:01:23,http://img30.360buyimg.com/shaidan/s616x405_jfs/t30847/225/1057602579/648696/7a23a58f/5c28f9e0N6c0365f9.jpg;http://img30.360buyimg.com/shaidan/s616x405_jfs/t28834/239/1045814538/403223/b54bd38a/5c28f9e2N21b011a3.jpg
神***鸟,刚收到货，一看包装，竟然是一箱劲酒，我老婆还以为我要补肾。。。我说你打开看看，一看是手机，特别高兴，很惊喜，哈哈,2018-10-30 09:32:22,http://img30.360buyimg.com/shaidan/s616x405_jfs/t1/7863/6/2878/171916/5bd7b4f3Ed8695639/54842229d29db34b.jpg;http://img30.360buyimg.com/shaidan/s616x405_jfs/t1/8189/15/3456/160583/5bd7b4f3Ef63ca5f1/a34e0b1cfcb96a8b.jpg
a***0,从观望到下手，犹豫了许久，最后本着租新不租旧的想法选了xr，个人感觉大黑边没有想象中的那么影响人的心情，原彩显示还是很友好的，iphone6 16G已经服务三年多，该正式退休了，最后补充下，XR，真香。,2019-01-01 18:01:12,http://img30.360buyimg.com/shaidan/s616x405_jfs/t29020/247/1046403747/517313/5ff1d9be/5c2b3a58Nf12268e1.jpg;http://img30.360buyimg.com/shaidan/s616x405_jfs/t30142/242/1088726491/505078/52b9995a/5c2b3a62N81c5ea13.jpg;http://img30.360buyimg.com/shaidan/s616x405_jfs/t29116/249/1059901642/402565/9103bac8/5c2b3a68Nfc85348e.jpg
六***懂,非常好的手机，送女朋友的r，她的小八就属于我的了，真的非常的激动啊，哈哈哈，不得不说r的系统非常流畅，昨天上午八点发的货，今天早上九点就到了，麦粒儿物流真的非常的快，大赞，r这款手机，总的来说没让我失望，就是机身有点厚，所以租手机壳的时候要好好挑一下了，尽量租薄一点的手机壳，至于盛传的跑马的黑边，我感觉还好，没有那么的丑，个人观点可以接受，分辨率的问题，我仔细的盯着看了两分钟，也没感觉出有颗粒感，总之来说很喜欢。3D功能女朋友不常用所以也没什么关系。自己再加油奋斗两年就可以用上r了，想想都兴奋。,2018-10-27 15:29:21,http://img30.360buyimg.com/shaidan/s616x405_jfs/t1/9048/37/2834/237989/5bd413d0Ee8de3c72/2f3080d3af5acc38.jpg;http://img30.360buyimg.com/shaidan/s616x405_jfs/t1/7529/37/2639/211386/5bd413d0E8ea44292/ef568782c832176c.jpg;http://img30.360buyimg.com/shaidan/s616x405_jfs/t1/2336/22/12540/271036/5bd413d0Ea1118bd4/65d3beb371d3f911.jpg
陈_佳,双十一提前入手的128G黑色iPhone XR，到手后和其它颜色对比发现iPhone XR只能租黑色的，其它颜色都衬托出黑边较大，黑色款的黑边和机身浑然一体，比较和谐，不会显得那么突兀。虽说是LCD的屏，但是依然是最顶级的显示效果，iPhone在2011年出的iPhone 4上面就用上了视网膜级别的Retina视网膜屏，到了2018年的iPhone XR，依然是LCD里的顶级屏幕，虽然不及iPhone XS和iPhone XS Max的OLED屏，但是优势在于省电，而且没有OLED会烧屏的后顾之忧，可以放心使用。iPhone XR屏幕也是顶级的Retina视网膜屏，色准、观感、清晰度无出其右，这一点不用担心。操作系统不用说，自然是最流畅最优雅的IOS，而且出厂的时候搭载的是IOS12.0.1正式版系统，配合&ldquo;捷径&rdquo;使用，可以创造出无限的可能性，让iPhone真正成为智能化的运算机器。虽然iPhone XR配备的是单摄像头，但是这颗单摄像头的拍照效果吊打一众竞争对手，注意，这个&ldquo;吊打&rdquo;没有任何夸张成分。华为Meat 20的四摄依旧逊色很多，摄像头打开速度iPhone XR依旧是一骑绝尘。综合下来，今年的iPhone XP虽然是廉价版，但是依然在全世界范围内基本找不到对手，得到追捧也是可以理解。麦粒儿商城近八万的销量说明了一切，放心租吧，无须担心。,2018-11-07 09:59:42,http://img30.360buyimg.com/shaidan/s616x405_jfs/t1/11838/8/16/18177/5be24702Ec7dd7afe/ee3381ecdd180843.jpg;http://img30.360buyimg.com/shaidan/s616x405_jfs/t1/8029/25/6697/10738/5be24702E6d82cfe7/4a436d44ef57e24d.jpg;http://img30.360buyimg.com/shaidan/s616x405_jfs/t1/1958/30/16584/11188/5be24702Ed689b716/848b71a50b06ecb7.jpg;http://img30.360buyimg.com/shaidan/s616x405_jfs/t1/10797/19/2798/19872/5be24702E2e6d2dc1/44bee695bfa40d40.jpg;http://img30.360buyimg.com/shaidan/s616x405_jfs/t1/4229/18/16493/8582/5be24702E4e09d628/12ab41ed9938ddd1.jpg;http://img30.360buyimg.com/shaidan/s616x405_jfs/t1/9904/11/6746/6451/5be24703Eb4d6cad9/8eb3ee54a5dea62d.jpg;http://img30.360buyimg.com/shaidan/s616x405_jfs/t1/5446/13/16472/7820/5be24703Ed05da47c/45836adbc1b42a19.jpg;http://img30.360buyimg.com/shaidan/s616x405_jfs/t1/1571/18/16483/5071/5be24703E44b2a62f/173ad0f9020263cb.jpg;http://img30.360buyimg.com/shaidan/s616x405_jfs/t1/8036/28/6619/7728/5be24703E0e67c04d/e2562c69d737af1e.jpg
模***3,屏幕效果跟我上一台8p确实差了点，毕竟分辨率没8p高/我很多手机卡，8p又只能插一个卡，xr双卡简直诱惑到我/吃鸡爽啊，视野开阔，玩的时候没发烫/至于大黑边，哈哈，我拿到手后完全能接受，用习惯也没你们说得那么夸张停航母哈哈/信号完全不用担心，我的8p信号超级差，xr在电梯里面厕所里面信号都很好，乡下也很好哈哈/电池应该是苹果手机最耐用的了，充满电整整用了一天欧耶！还有我是领800优惠券租的128GB，6199到手，简直不要太爽！整体来说我对xr还是挺满意的！,2018-11-14 23:12:48,http://img30.360buyimg.com/shaidan/s616x405_jfs/t29236/279/245260711/279668/7a3b1c16/5bec3b70N93f19ef1.jpg;http://img30.360buyimg.com/shaidan/s616x405_jfs/t26059/61/2649483968/355004/aaea4e79/5bec3b70N86006766.jpg;http://img30.360buyimg.com/shaidan/s616x405_jfs/t25687/49/2667097684/223103/8c30168e/5bec3b70Nd841daa7.jpg;http://img30.360buyimg.com/shaidan/s616x405_jfs/t28576/294/240794260/231403/8ae6ae27/5bec3b70Nb2f9dd93.jpg;http://img30.360buyimg.com/shaidan/s616x405_jfs/t24592/329/2631026946/202621/e889e035/5bec3b70Ne17ece1c.jpg;http://img30.360buyimg.com/shaidan/s616x405_jfs/t25024/335/2644040750/338991/bfea9ed/5bec3b70Nd684ddbd.jpg;http://img30.360buyimg.com/shaidan/s616x405_jfs/t25294/49/2618836234/342958/29171c0f/5bec3b70N463bb7ed.jpg;http://img30.360buyimg.com/shaidan/s616x405_jfs/t25033/330/2671549357/248532/eecb7274/5bec3b70Nd13945fd.jpg;http://img30.360buyimg.com/shaidan/s616x405_jfs/t27571/321/1775786730/408050/853eacb7/5bec3b70Nfbdb21b0.jpg
达***了,打算租华为和国产机的点进来看一下。我老婆去年租的x，我当时租的华为nova2plus，因为我之前一直在用6plus，所以有些用腻了，而且又对华为的品牌有着高度的欣赏，当时拿着我的nova，对我媳妇的x各种不屑！我就觉得华为性价比多高多好！到哪都吹啊。可是经过一整年的使用，我真的被华为伤了！满心期望的一部国产手机，真的卡的不是一般！128g没怎么用，但是手机已经卡的不行了！就一年的时间，华为给我伤的透透的！这次换回苹果，估计能用3年，以后真的不吹国产机了！还得是苹果啊，得劲儿！,2018-12-01 20:15:47,http://img30.360buyimg.com/shaidan/s616x405_jfs/t27937/156/983804934/90242/50b9a4da/5c027b71Nb77cd973.jpg;http://img30.360buyimg.com/shaidan/s616x405_jfs/t30013/118/931838935/89345/95963447/5c027b72N096d5c1d.jpg;http://img30.360buyimg.com/shaidan/s616x405_jfs/t29410/173/928309330/88765/79f59db3/5c027b72N284b4f47.jpg;http://img30.360buyimg.com/shaidan/s616x405_jfs/t30415/31/946525353/85833/6aa16ef4/5c027b73N3fa25274.jpg
Rainy小草,也算是用了好多个苹果手机了，从4s开始，到5s再到6p，再到8，去年租的8，64g的用了一年，因为太爱拍照拍视频，所以一年下来就剩几个g的空间，而且.8屏幕太小了，完全不够用了，所以就决定换新的手机，我换的要求就是屏幕大点，内存大点，有人像模式就行，因为用惯了ios系统，然后想试试安卓系统，可是换了安卓系统还是不习惯，说不上哪里不好，就是不习惯，所以还是狠下心果断换?新款，对比了x和xr好几天，还是决定租xr，原因是双卡双待， a12仿生芯片，屏幕6.1，虽然摄像头是单摄，但是不影响成像，因为?的摄像头就是700万也比安卓2000好，扩大看就知道了，我这个人对相机摄像头要求比较严格，选颜色在白色和红色纠结，最终选择了红色，真的没失望，很正的红色，最主要的是有人说的黑边宽，对我来说一点也不影响使用，我觉得超好看的手机，拿到手里也很有质感，反正就是很喜欢，领了券后减了500，然后还送了圣诞限定的手机壳，质量看着也不错，总之这么一个128g够我用一阵子了，终于不用再经常换手机了～,2018-12-28 16:30:11,http://img30.360buyimg.com/shaidan/s616x405_jfs/t1/15291/20/3252/67214/5c25df0eE07c7bdf3/6eded347b3565203.jpg;http://img30.360buyimg.com/shaidan/s616x405_jfs/t1/20217/11/3325/68707/5c25df0fE5d0cbb3b/093791a8abe44b63.jpg;http://img30.360buyimg.com/shaidan/s616x405_jfs/t1/15163/22/3298/81172/5c25df10E72b24714/b21050b9c91adb4b.jpg;http://img30.360buyimg.com/shaidan/s616x405_jfs/t1/29027/7/3388/91349/5c25df10E2e41bf58/6c61c0938736825d.jpg;http://img30.360buyimg.com/shaidan/s616x405_jfs/t1/20937/38/3342/43915/5c25df11E0f56c219/e74ce9fa8f77d652.jpg;http://img30.360buyimg.com/shaidan/s616x405_jfs/t1/14433/6/3276/80740/5c25df11Ed0e38097/4e54591e63900435.jpg;http://img30.360buyimg.com/shaidan/s616x405_jfs/t1/16443/27/3337/94186/5c25df12E52c964ef/d9a0ceb59cf63831.jpg;http://img30.360buyimg.com/shaidan/s616x405_jfs/t1/25292/35/3360/58910/5c25df13E0bc77756/ed3bd9e1f0a9c9ef.jpg;http://img30.360buyimg.com/shaidan/s616x405_jfs/t1/8919/15/10847/73131/5c25df13Ed3a2cb1e/1ab6f5c09a4ed652.jpg
-***-,用了有一段时间了 可以说一下感受了 从缺点开始：有一点厚 确实有黑边，还不细 信号不好，尤其是联通的得注意一下，联通卡确实没有国产安卓机信号号。移动可能听说差不多。再说优点：流畅！流畅！流畅！那么多手机测评，一个个把安卓机吹上了天。你看他们有一个说流畅度的么？说也就是轻描淡写。可作为一部时刻拿在手里的机器，流畅才是最重要的参数好么？  是，现在安卓机流畅度起来了。可是两者比较一下，就感受出来了。我刚说的事新机，更不要说一年后了。再说说镜头，一周体验：一颗已经足够。因为算法加持，对修图不是很厉害的朋友，这一颗甚至可以完虐所有了。屏幕，真香。我是看不出来颗粒感，当初喷屏幕的参数怪，现在不知道都去哪里了。一句话：六千预算选xr绝对没错,2018-11-19 06:58:45,http://img30.360buyimg.com/shaidan/s616x405_jfs/t29116/114/642647791/332772/c1346b00/5bf9f6ddN409ebd86.jpg
j***7,十分良心的说使用感，之前一直纠结租XR好还是8P？看到有人说，手机租新不租旧，XS和max对于贫民窟女孩真的租不起，所以果断租了XR128G，元旦减免了700元，可以说很划算了，麦粒儿物流就是快元旦1号下的单2号就到了，颜色的话个人比较喜欢黑色，比较低调耐看，红色和白色也挺好看的，看个人喜欢了，其次是外观，没有大家说的那么不堪，大小刚好，单手操作完全没有问题，至于大黑边能接受，很nice!,2019-01-03 16:25:58,http://img30.360buyimg.com/shaidan/s616x405_jfs/t1/25591/21/3967/3386/5c2dc4b8Efe7311ae/896bb26b64c536bb.jpg;http://img30.360buyimg.com/shaidan/s616x405_jfs/t1/18089/34/3991/5711/5c2dc700E25496701/011f061592586cdf.jpg
g***e,给媳妇租的，之前用6S，太慢了，纠结了一下是XS还是XR，我感觉这个对于女生来讲足够用了。根本不用考虑参数啊，屏幕什么的，肉眼察觉不到。对于苹果机来讲，性价比算高的一款机型。在安卓市场里就不占优势了，没办法，用苹果习惯了。全好评！,2018-12-11 17:08:09,http://img30.360buyimg.com/shaidan/s616x405_jfs/t1/29022/11/1090/267015/5c0f7e79Ef1ddc6c7/4edfb173e67fe004.jpg;http://img30.360buyimg.com/shaidan/s616x405_jfs/t1/28906/17/1153/245944/5c0f7e79Ebdd6072d/52c1e0af0431845e.jpg;http://img30.360buyimg.com/shaidan/s616x405_jfs/t1/23864/10/1095/295619/5c0f7e79E5c5c9b6a/62173a9a6ef49016.jpg
j***4,麦粒儿租的第二台iPhone，物流妥妥的快。收到手机很惊喜，手感超级好，屏幕并没有分辨率低的感觉，因为没用过OLED，LCD柔和许多，黑边看着看着也就习惯了，A12芯片运行速度没得说，真快，FACE ID也是很方便，单摄人像模式效果也还不错，关键是12期免息，还满6000减600租的，全网购平台算是最划算的，所以果断下手，手机尺寸刚刚好，等后面用了再追加评论了，据说电池是续航最强大的。,2018-11-06 19:57:30,http://img30.360buyimg.com/shaidan/s616x405_jfs/t1/9991/20/6502/340859/5be18197Ebf44db76/8b91ba0dae204a3b.jpg;http://img30.360buyimg.com/shaidan/s616x405_jfs/t1/3340/40/16415/281872/5be18199E50ecaa50/c0e73ad22523d620.jpg;http://img30.360buyimg.com/shaidan/s616x405_jfs/t1/10420/12/2541/250492/5be181a2Ecb71f00c/c573532009f3b4a6.jpg;http://img30.360buyimg.com/shaidan/s616x405_jfs/t1/8591/8/6569/314774/5be181a9Ecafdda07/06b789f50c77c246.jpg;http://img30.360buyimg.com/shaidan/s616x405_jfs/t1/2361/36/16321/267418/5be181a6Ee1b3c702/ee77d94724e73bc3.jpg;http://img30.360buyimg.com/shaidan/s616x405_jfs/t1/9746/33/6520/280643/5be181a7Eb7445fe5/2fc585fa3e70bb33.jpg;http://img30.360buyimg.com/shaidan/s616x405_jfs/t1/6699/3/6800/261612/5be181a9Ec0755a81/5e80f302bcba43d1.jpg;http://img30.360buyimg.com/shaidan/s616x405_jfs/t1/3177/21/16289/328888/5be181aaEcf4885c1/8eb81ae41ac2f365.jpg;http://img30.360buyimg.com/shaidan/s616x405_jfs/t1/1050/10/16349/238785/5be181a9E27477585/cc7c5dd205f7ebe4.jpg
AlphfaGO,包装完好，正品。两台苹果放在一起，直接备份信息，非常给力，手机比我的6s大很多，还不习惯使用。系统很流畅。红红火火的颜色，其他的等使用一段时间再评价。,2018-11-06 20:18:21,http://img30.360buyimg.com/shaidan/s616x405_jfs/t1/4495/19/16240/95221/5be1868cEeb40d08c/cae6d1f7376bbcbc.jpg;http://img30.360buyimg.com/shaidan/s616x405_jfs/t1/8986/5/6599/122947/5be1868dEcc53c118/d10edc6c5a703156.jpg
意***动,没用过苹果，有点不习惯，本来是在8P和xr间纠结了好久，一开始看了好多评论，屏幕啊，摄像头啊，厚度啊，比原来苹果少了其他功能什么，真的是纠结了好久，xr拿到手发现是个好东西，面部ID很强大，就是有点贵，用几天再来评价，屏幕没有你们说得那么差，摄像头也可以，厚度裸机就和你套了一个保护套的手机一个样，还在接受范围，用几天再评价,2018-11-13 08:14:30,http://img30.360buyimg.com/shaidan/s616x405_jfs/t29104/128/161763556/130733/6b1de88b/5bea1762N914efeaf.jpg;http://img30.360buyimg.com/shaidan/s616x405_jfs/t25783/253/2600198084/144307/26c1f4e2/5bea1763N9b3a7ec7.jpg;http://img30.360buyimg.com/shaidan/s616x405_jfs/t28279/124/171469155/176554/f3a66914/5bea1764N1e5c5615.jpg;http://img30.360buyimg.com/shaidan/s616x405_jfs/t28273/118/159379599/158328/9201f698/5bea1766Nc6c007a7.jpg
小***2,xr很香啊(o^^o)不要听信网上的各种****！屏幕不好？从se换到xr表示反正我是一点没觉得屏幕差；黑边丑？辣么大个屏幕你打字的时候还有空去看边有多宽？单摄low？的确单摄没有双摄的景深效果，但普通拍照这颗单头也绝对秒杀其他家了；再说xr有国人急需的双卡双待功能，续航能力超强！（新机基本一天一充绝对够用了，只要你不是24小时拿着玩游戏）；xr和xsm一样的双扬声器；face id连我敷着面膜都能识别也是牛逼了的&hellip;&hellip;用了xr后瞬间脚得xs就是个鸡肋&hellip;&hellip;有钱就上xsm要性价比就xr绝对不叫你后悔！最后再夸下麦粒儿，减八百的优惠力度也是给力的！,2018-11-20 15:06:22,http://img30.360buyimg.com/shaidan/s616x405_jfs/t28582/311/420833269/265374/e05f28f6/5bf3b26eN29a3fd11.jpg;http://img30.360buyimg.com/shaidan/s616x405_jfs/t27892/19/1928041395/206243/24720eb0/5bf3b26cN776a4e01.jpg;http://img30.360buyimg.com/shaidan/s616x405_jfs/t28660/289/452568867/199834/90662a36/5bf3b26dNcb53b99f.jpg;http://img30.360buyimg.com/shaidan/s616x405_jfs/t29422/142/444142690/205180/973db5b7/5bf3b26dN0ae182f4.jpg;http://img30.360buyimg.com/shaidan/s616x405_jfs/t27178/5/1967469638/240446/77ac56e5/5bf3b26dNc5e22c7f.jpg;http://img30.360buyimg.com/shaidan/s616x405_jfs/t27811/42/1997054524/216849/e1b0d728/5bf3b26dN57899b01.jpg;http://img30.360buyimg.com/shaidan/s616x405_jfs/t30310/103/451166951/199147/797d37d4/5bf3b26dN1670fb9f.jpg;http://img30.360buyimg.com/shaidan/s616x405_jfs/t27151/31/1938318022/287616/5112a034/5bf3b26eN55d939a3.jpg;http://img30.360buyimg.com/shaidan/s616x405_jfs/t28630/282/465561474/246800/ffd59cc7/5bf3b26eN9a66fff1.jpg
j***b,质量很好，用的也不错，外观很漂亮，苹果手机的速度很快。最大的卖点就是系统，用苹果手机很久了，四到现在的R,期间也租过不少安卓机，但是始终都没有苹果的快，发热量大，电池不耐用系统自己会膨胀一堆的捆绑软件，苹果就不会，希望苹果越做越好。,2018-11-10 01:01:29,http://img30.360buyimg.com/shaidan/s616x405_jfs/t25720/202/1948321357/295885/bb4176a7/5be5bd69N5b050c75.jpg;http://img30.360buyimg.com/shaidan/s616x405_jfs/t28000/49/32555817/327570/5b9f25f1/5be5bd69Ned482048.jpg;http://img30.360buyimg.com/shaidan/s616x405_jfs/t27571/105/1509897052/359369/8fce9e7a/5be5bd69N4c6fbb07.jpg
L***日,手机很不错，快递一如既往的给力，很喜欢麦粒儿购物，好评。麦粒儿加油,2019-01-11 11:34:55,http://img30.360buyimg.com/shaidan/s616x405_jfs/t1/32246/25/116/234380/5c380edfE48e94769/bf53f197138e03e5.jpg;http://img30.360buyimg.com/shaidan/s616x405_jfs/t1/28602/33/4937/246729/5c380edfE4a13d471/c61c4ccdee9fd09d.jpg;http://img30.360buyimg.com/shaidan/s616x405_jfs/t1/26041/17/5063/202932/5c380edfEfcec2511/a8d569d600a6d2bb.jpg;http://img30.360buyimg.com/shaidan/s616x405_jfs/t1/14019/29/5053/353705/5c380edfEc998f8b7/7f6cf98664e46eac.jpg
天***使,昨天晚上下单，今天上午就送到了，价格美丽5598，开箱惊艳，移动优先版其实等于是全网通了，我用电信卡，单卡完美支持，信号还不错，还没有试双卡，面容解锁很灵敏，秒解，但是角度好像有要求，不像指纹那么随意。官网查了序列号，是正品在保时间都没问题，至于网上说的边框宽的问题，是挺宽，但是用起来没有啥感觉啊，不要非得刻意的去对比。屏幕分辨率的问题，不是钛合金眼，实在看不出来有什么粗糙的，一般也不会贴脸上瞪大眼睛去细究什么&ldquo;果粒&rsquo;&hellip;&hellip;，色彩是挺好的&hellip;&hellip;但是对于什么官方宣讲的色彩最好的屏幕也没啥感觉，只觉得挺好，3d的那个用了两年多6s说实话没用几回，有没有都无所谓了。至于这个a12，把玩两下是挺流畅的，苹果系统搭配自家处理器效果还是不错的。机身挺厚，戴壳简直可以当@，但是沉甸甸的手感还不错。快递包装真的可不可以用心点，也是几千块的东西谁租谁心疼的，是不是收了钱就不是自己的就随意了？你说要是磕了碰了的找你们该推三阻四了。五千价位值得租。,2018-12-30 13:08:12,http://img30.360buyimg.com/shaidan/s616x405_jfs/t1/28221/7/3570/204514/5c2852bbE37dbec8a/fb2660b7a074f23b.jpg;http://img30.360buyimg.com/shaidan/s616x405_jfs/t1/17595/28/3576/251912/5c2852bbE8b05d367/b8d6659f1f04d713.jpg;http://img30.360buyimg.com/shaidan/s616x405_jfs/t1/10005/24/7210/278725/5c2852bbEcd5a7fa5/c8d8bc630f1b5616.jpg;http://img30.360buyimg.com/shaidan/s616x405_jfs/t1/29077/13/3494/263309/5c2852bbE3df59652/0c807a24d51a56e2.jpg;http://img30.360buyimg.com/shaidan/s616x405_jfs/t1/28770/15/3541/377018/5c2852bbE03f2ba08/46e71a89219a48fe.jpg;http://img30.360buyimg.com/shaidan/s616x405_jfs/t1/17760/18/3554/217610/5c2852bbE674fc8df/a1936d518b85b345.jpg
h***e,续航，没什么好讲呢，毕竟没有专门的去测试这种东西.运行， iPhone 的新手机有什么好说的，肯定是刘畅啊，租哪个机器都差不多.特别想说的是他的大黑边，我相信所有人租这部手机都会考虑这个问题，然后心里一直有个疙瘩，但我想说的是完全没有影响.真的，因为你租手机，你用手机看的是屏幕，看屏幕的时候完全会，注意不到这个带黑边的存在，你不会一直盯着这个黑边看，所以说这个黑边他是存在，但是不影响你，甚至没有会注意到她，如果只是大黑边就差了几千块钱，那我觉得这台手机简直是超值。还有有人可能会担心说屏幕的问题，因为我一直没有用过 iPhone x。没有对比，但是如果就只看自己的手机的话，没有觉得这个屏幕有什么问题,2018-11-17 08:59:20,http://img30.360buyimg.com/shaidan/s616x405_jfs/t28258/217/304436200/97713/3b7e2789/5bef67e8N48ef8150.jpg
晟***i,写的太长了超出字数了，大家可以看图片，一个及其不专业的评价，暂时想起来这么多，有人想提问可以评论。总结就是对xr观望的，和我一样普通手机转iphone的，预算也在这个价位的，值！得！购！租！记住，手机是租来用的，不是租来看它的外观的。,2018-11-25 21:47:03,http://img30.360buyimg.com/shaidan/s616x405_jfs/t28675/173/675804294/324646/7812865/5bfaa7d2Nf28b7a6a.jpg;http://img30.360buyimg.com/shaidan/s616x405_jfs/t28552/166/682287650/335972/65c7a4d9/5bfaa7d4Nc2f56f9b.jpg;http://img30.360buyimg.com/shaidan/s616x405_jfs/t27457/278/2186128311/265110/5be0118f/5bfaa7d4N3c6bc932.jpg;http://img30.360buyimg.com/shaidan/s616x405_jfs/t30595/149/649569712/48963/4a605a79/5bfaa7d5Nbed33279.jpg;http://img30.360buyimg.com/shaidan/s616x405_jfs/t26854/252/2231623592/61624/4729f080/5bfaa7d5N53a62895.jpg;http://img30.360buyimg.com/shaidan/s616x405_jfs/t29254/151/668506049/62706/4369ae74/5bfaa7d6N0773be7b.jpg;http://img30.360buyimg.com/shaidan/s616x405_jfs/t29098/293/673225326/48268/4c1d4661/5bfaa7d6N8ac8e1ff.jpg;http://img30.360buyimg.com/shaidan/s616x405_jfs/t27832/278/2227372157/57964/103dd9d3/5bfaa7d7Neb3e9a57.jpg
我不想买但实力不允许,大黑边 真好 双卡双待 真好  又重又厚 真好  更安全更防摔 真好   看电视贼难受 没有我的6plus清晰 毛孔都看不到 其他都还好 A12的速度确实NB啊  **** 一个字租租租（苦笑不得）,2018-10-27 20:34:34,http://img30.360buyimg.com/shaidan/s616x405_jfs/t1/662/31/13105/402938/5bd45b56E904c7d04/b0f978bcc2301283.jpg;http://img30.360buyimg.com/shaidan/s616x405_jfs/t1/2968/31/12762/463128/5bd45b59E0c400331/8cadc9d1808e190d.jpg;http://img30.360buyimg.com/shaidan/s616x405_jfs/t1/6216/24/3281/425739/5bd45b59Eac891eae/5f9f6e545745eb10.jpg;http://img30.360buyimg.com/shaidan/s616x405_jfs/t1/6785/20/3246/587508/5bd45b5aE8cf15f7f/bf6b074ea1f551b0.jpg;http://img30.360buyimg.com/shaidan/s616x405_jfs/t1/4969/34/12735/305652/5bd45b59Ee12b840c/e45f9db8d4646cfa.jpg
宅***球,收到手，两个字：真香商品无任何问题，多次检验，查询，确保oj8k。从iPhone6转过来的，屏幕分辨率问题不大，习惯了。另外对于边宽因人而异吧。如果你能接受iPhoneX之前的产品，没理由会无法接受。（钱不到位可能也是存在的）另外在使用了几天的情况，电池?感觉还好.没有夸张到1天用不完，相对而言也许是我用的多？再有系统，比我的小6，16G快了不知道多少 （其他款不做比较，个人未能感受使用）像素个人觉得还好，非自拍党完全没问题。说了这么多差不多了&hellip;&hellip;结束：真香?,2018-12-18 21:01:04,http://img30.360buyimg.com/shaidan/s616x405_jfs/t1/17699/17/2056/315679/5c18ef8fE80af8498/104fa102954c3498.jpg;http://img30.360buyimg.com/shaidan/s616x405_jfs/t1/19841/29/2069/264247/5c18ef8fE3da6c52c/91556850460b988a.jpg;http://img30.360buyimg.com/shaidan/s616x405_jfs/t1/28356/15/2120/236466/5c18ef8eE893ed0e3/a1045bbfe4383b90.jpg;http://img30.360buyimg.com/shaidan/s616x405_jfs/t1/21984/3/2034/207205/5c18ef8eEefa7fcbf/9961f81d526789a9.jpg;http://img30.360buyimg.com/shaidan/s616x405_jfs/t1/11456/25/2922/181912/5c18ef8eE1cf440e2/d3ec82c633c822f2.jpg;http://img30.360buyimg.com/shaidan/s616x405_jfs/t1/9604/13/9478/201027/5c18ef8eEc2a2795a/32df05b4712d7a30.jpg;http://img30.360buyimg.com/shaidan/s616x405_jfs/t1/8981/32/9496/295833/5c18ef8fE4483fb5b/a67407bfe6cc9a84.jpg;http://img30.360buyimg.com/shaidan/s616x405_jfs/t1/18422/7/2052/282210/5c18ef8fE14485dfb/ad823dcb69d65978.jpg;http://img30.360buyimg.com/shaidan/s616x405_jfs/t1/7349/9/9643/230128/5c18ef8fE8fb8d626/105fad4b135fe02a.jpg
j***l,昨天收到的手机今天来评论，第一感觉就是做工完美，有质感，190多克有点重和黑边习惯了就没事了，我以前用苹果se用户，过渡回来，我发现xr的音质更饱满了，各方面性能强悍，电池非常耐用，本来打算租x的，大家都知道x要表现好点，但考虑到x为A11处理器，看评论又很费电，我最讨厌就是没电，手机没电是最不好的体验，性能在强没卵**，入手xr安兔兔跑分在34万分，刚入手的小伙伴刚租到手机跑分是不高的，充一次电以后就能达到他的峰值性能，比xs基本持平，拍照清晰，真实其他我也不叨叨了,2018-11-02 20:56:58,http://img30.360buyimg.com/shaidan/s616x405_jfs/t1/4482/25/14561/295523/5bdc499aEe1d94d4a/7927606ddc00670d.jpg;http://img30.360buyimg.com/shaidan/s616x405_jfs/t1/9841/8/4862/280122/5bdc499aEa1f99679/4e46e196d8193a97.jpg;http://img30.360buyimg.com/shaidan/s616x405_jfs/t1/7121/36/4903/325201/5bdc499aE17469c49/35882e5810a0ca9d.jpg;http://img30.360buyimg.com/shaidan/s616x405_jfs/t1/8070/13/4942/329133/5bdc499aE15a289ac/6146f87eceb7b579.jpg;http://img30.360buyimg.com/shaidan/s616x405_jfs/t1/4471/37/14649/332022/5bdc499aE82ccb64f/a755e3fd9603103a.jpg;http://img30.360buyimg.com/shaidan/s616x405_jfs/t1/1506/2/14666/358894/5bdc499aE8db6a219/aa95375e88e4ea36.jpg;http://img30.360buyimg.com/shaidan/s616x405_jfs/t1/8044/3/4859/329943/5bdc499aEdf2f0639/0c1f7708a192378e.jpg;http://img30.360buyimg.com/shaidan/s616x405_jfs/t1/10994/5/925/285635/5bdc499aE9367a7a3/769ce0ccce401687.jpg
新***坊,在麦粒儿租之前去实体店看了一眼，一直说黑边大分辨率低，本着眼见为实去看看，说实话，如果你之前用的分辨率很高，在看xr确实能看出来差别，但是我之前一直用果7，觉得分辨率完全可以接受，326ppi绝对够，就算低点也不是没好处，续航提高了，真的经用，而且谁天天带放大镜看手机？再然后黑边也还好，用果7完全可以接受，其他方面都不错没什么可以挑剔的，与其听别人说这不好那不好不如自己去看看，线下也确实看xr的更多，当然有对比就有差别，有钱上xsmax，但是个人觉得花的钱和所得并不成正比，听说5G也快来了，xr可以当过度，用个两三年很OK,2018-11-12 11:30:37,http://img30.360buyimg.com/shaidan/s616x405_jfs/t28879/322/128246809/314533/ea015a55/5be8f3ddN92677cc5.jpg;http://img30.360buyimg.com/shaidan/s616x405_jfs/t26101/74/2494532179/270704/bc6e97dc/5be8f3ddNc33efadb.jpg
q***6,手机到了，迫不及待就拆封了，就和商品描述的一样棒，拿在手上手感很好，我的6也终于可以光荣退休了哈哈。作为这次新推出的三款新品手机中性价比最高的，虽然摄像功能比不上xs、max，但是也很棒，像我这种基本用不到拍照功能推荐入手！,2018-10-28 11:44:07,http://img30.360buyimg.com/shaidan/s616x405_jfs/t1/9491/16/3020/284471/5bd53083Ea6d35d60/489d169e72b2475b.jpg;http://img30.360buyimg.com/shaidan/s616x405_jfs/t1/9707/28/2989/203853/5bd53081Eda8e3f2d/c4b2df9777ba4953.jpg
陈***芳,一波三折的购物，这次购物大大增加了我对麦粒儿的好感。1.产品比其他平台便宜，正品保证，2.售后服务，一开始等了几天拿到了宝贝，满是期待，刚拿到货时外观也没啥问题，我就@了，可用了一会儿，发现摄像头本好看里面有瑕疵，于是赶紧联系售后，下午快递员就把我手机取走，第二天返厂检修，检修结果性能上没啥问题，但我心里是，花钱租个有瑕疵的手机总归是不好的吧，即使我已经@了，售后还是二话没说当时就给我发了新手机，整个流程3天下来我就收到了新手机，麦粒儿售后真心感谢，3.快递小哥非常敬业，送货速度快。总之，最后拿到新手机，好开心，下次还会继续光顾。,2019-01-09 13:10:42,http://img30.360buyimg.com/shaidan/s616x405_jfs/t1/15356/36/4897/269590/5c358251Eae847ac2/9ccba1a7a2ab7b2f.jpg;http://img30.360buyimg.com/shaidan/s616x405_jfs/t1/29181/18/4695/295664/5c358252E46a9e0c5/667e6fca1382bb2e.jpg
-***i,嘻嘻～用了半个月啦，可以说用户体验超好啦～苹果6到XR的跳跃，刚开始用得不是很习惯，比如说控制中心的切换方式，还有主屏幕锁定还有截屏不能通过那个小圈圈了，另外就是关机的方式也有一定的改变。新接触的faceID，在被窝里基本上辨别不出来，&macr;\_(ツ)_/&macr;戴眼镜录的，摘了眼镜就认不出来了，?真是太让人懊恼了噢，还有faceID只能录两个，一个戴眼镜的一个不戴眼镜，再想给男朋友录一个就根本不可能。不过总的来说还是好评～系统很流畅。麦粒儿双十二租的，天赐我一张600的券～次日就到了呢，哈哈哈～包装就真的就是官方标配的，手机都是等到钢化膜手机壳到了才开始用的，刚到手就查了盒子后面的序列号，未@才彼此包装的，哈哈哈～,2018-12-24 14:51:55,
F***r,屏幕不错，PPI与现用iPhone6一样。XS Max的OLED是三星的P排列，绿像素458PPI，红(蓝)像素数量是绿像素的一半，也就458/sqrt(2)=324PPI，显示全红或全蓝图形的解析度与LCD是一样的。除了3D Touch外，该有的都有了，速度挺快，很满意。,2018-11-13 20:00:48,http://img30.360buyimg.com/shaidan/s616x405_jfs/t26449/276/1742405716/725496/e986ae91/5beabcefNd06fd80e.jpg
y***3,此用户未填写评价内容,2018-11-12 14:22:33,http://img30.360buyimg.com/shaidan/s616x405_jfs/t27472/27/1670984869/356864/384276c5/5be91ce0N9aa3151d.jpg;http://img30.360buyimg.com/shaidan/s616x405_jfs/t26290/74/1659302313/357484/89e334e9/5be91ce3Ndf76c3a1.jpg;http://img30.360buyimg.com/shaidan/s616x405_jfs/t26443/60/1649958722/124828/e465d159/5be91ce4Nf18f662c.jpg;http://img30.360buyimg.com/shaidan/s616x405_jfs/t29383/353/133673944/113178/2e559012/5be91ce4N80c83ed5.jpg
f***8,全面屏 faceid ios这些足够了 没有3dtouch确实很遗憾 但是它确实是2018年最有性价比的苹果手机,2019-01-08 11:53:44,http://img30.360buyimg.com/shaidan/s616x405_jfs/t1/25618/4/4606/171171/5c341ec7E0a8be479/bd42dc0fea1023f2.jpg;http://img30.360buyimg.com/shaidan/s616x405_jfs/t1/29976/20/4568/184252/5c341ec8E468ec637/c49a08f55e0a62f4.jpg;http://img30.360buyimg.com/shaidan/s616x405_jfs/t1/21341/5/4633/158723/5c341ec8Eafd163a4/930dc0ebc429791a.jpg
韩韩乐,骚黄好看，够靓。没有转接头。大家关心的5.3mm边框，单独使用ok，跟其他机子对比，是会显的宽一点，当然正常使用不会一直盯着边框，习惯的问题。326分辨率，没有数据那么不堪。重量刚好，个人觉得。厚度 8.3，裸奔手感不错，还没带壳不知道什么样，再追评。,2018-10-27 08:01:14,http://img30.360buyimg.com/shaidan/s616x405_jfs/t1/9427/27/2745/198439/5bd3aacaE63e3db7e/3c7bad4e30201d1a.jpg;http://img30.360buyimg.com/shaidan/s616x405_jfs/t1/4610/6/12527/187454/5bd3aacaE9aef3501/93a46a0cef572dea.jpg;http://img30.360buyimg.com/shaidan/s616x405_jfs/t1/6499/18/3104/208568/5bd3aacaEc76285c1/5e7b42320fedb777.jpg;http://img30.360buyimg.com/shaidan/s616x405_jfs/t1/2617/27/12516/227342/5bd3aacaE4a70fd37/f45264e7418aa20c.jpg;http://img30.360buyimg.com/shaidan/s616x405_jfs/t1/4032/34/12400/233878/5bd3aacaE437c1db8/7c8485704c38c1ee.jpg;http://img30.360buyimg.com/shaidan/s616x405_jfs/t1/3874/18/12407/314820/5bd3aacaE1b53e294/c5b372c2aa8df101.jpg;http://img30.360buyimg.com/shaidan/s616x405_jfs/t1/7046/6/2721/395822/5bd3aacaE63e6eedd/2f3fd3b09b5d03d4.jpg;http://img30.360buyimg.com/shaidan/s616x405_jfs/t1/4503/25/12329/221949/5bd3aacaE2aa0730d/8b7d23f511192e8d.jpg;http://img30.360buyimg.com/shaidan/s616x405_jfs/t1/7304/33/2748/276819/5bd3aacaE8f9abcca/c529a3abc2d8576f.jpg
j***m,卖了好多天，都是在备货，终于等到了手机，faceid 真的好用，厚度可以接受，手机各项功能挺满意的。,2019-01-05 15:02:25,http://img30.360buyimg.com/shaidan/s616x405_jfs/t1/21675/18/4314/244693/5c305681E218232a7/989d51c9ed957a51.jpg;http://img30.360buyimg.com/shaidan/s616x405_jfs/t1/29024/33/4280/286752/5c305681E304b6570/70196306e981a5eb.jpg;http://img30.360buyimg.com/shaidan/s616x405_jfs/t1/21929/14/4306/255375/5c305681E6edda65b/5764d339c283b54f.jpg
j***y,我是从苹果7 plus升级到xr的，租的是256g，我用了一周了，现在我有以下评论，大家可以参考。首先，苹果手机就是流畅，ios12很稳定，对软件支持都很好，这一点也就是我一直用苹果的原因。租之前就在网上看到说xr不好，有人说边框太宽，这个确实很明显，时常都可以感觉得到很宽的边框，会有掉档次的感觉。有人说屏幕不够好，我们知道xr换了屏幕材质，我们其实感觉不出来有什么不同，但是跟我的另一台手机7plu**，xr屏幕暖一点，7plus白一点，不知道是不是设置问题。还有一个，拍照，xr单摄像头，拍出来的照片跟7plu**，更好看。还有一个好东西，就是双卡双待，我一个联通卡，一个移动卡，都可以在手机主，副卡内切换4g信号，听说有电信卡的就有问题，反正我没试过，我没问题。总的来说7899租的256g版本，贵是贵了一点，可这是苹果手机，一如既往的支持苹果，就是因为性能稳定，不会卡。,2018-12-06 05:50:43,http://img30.360buyimg.com/shaidan/s616x405_jfs/t1/22850/13/239/172584/5c084832E6ecf237b/874424d21c092a2c.jpg;http://img30.360buyimg.com/shaidan/s616x405_jfs/t1/6848/13/7642/173869/5c084832E329b2736/77363992b312c3b4.jpg;http://img30.360buyimg.com/shaidan/s616x405_jfs/t1/29575/18/250/196236/5c084832Ea1a246df/02257cc567627b76.jpg;http://img30.360buyimg.com/shaidan/s616x405_jfs/t1/9484/31/7923/228551/5c084832E08cbef8b/5d96a935ee0c8580.jpg;http://img30.360buyimg.com/shaidan/s616x405_jfs/t1/16914/21/241/140261/5c084832E366e01e9/d6a9681c54bf8025.jpg;http://img30.360buyimg.com/shaidan/s616x405_jfs/t1/8721/29/8053/142472/5c084832E38ba2b40/06a061334bb4109b.jpg;http://img30.360buyimg.com/shaidan/s616x405_jfs/t1/26422/5/234/197415/5c084832Eb2a0a7ce/1b3150598275b726.jpg;http://img30.360buyimg.com/shaidan/s616x405_jfs/t1/20193/35/236/197077/5c084832E40aa0747/b789f7ff3e16d9bb.jpg;http://img30.360buyimg.com/shaidan/s616x405_jfs/t1/28395/2/228/307250/5c084832E1c2e8c11/15951a8ae7fa8e06.jpg
jd_451557370,快递还是一如既往的快，这次刚好赶上双十二活动领了个600的券，就果断的下单了。之前有去专卖店看过真机，感觉还不错就是有点厚其他都还好！也在其他网站看过，还是觉得麦粒儿比较靠谱所以选择它。因为看见评价里有说能插进A四纸的，有系统卡顿的，有坏屏的，有@过退货的&hellip;&hellip;心里真的很忐忑，于是我收到货以后第一件事，就仔细检查了一遍，然后在官网查了一下序列号，显示未@，我才放心开机了。而且我还拿毛爷爷试过没有发现能插进去的缝隙，通过我这两天的试用感觉真的不错，系统真的很流畅，反应速度。我玩了几把吃鸡，特效开到最高，也不卡顿，手机也没感觉发热，没把都顺利吃鸡！跟安卓系统完全不一样的体验，真的很棒！说这么多，首先强调我很爱国，没有半点媚外的意思！只是给后续的购租者一点点意见！不喜勿喷！,2018-12-15 00:28:17,http://img30.360buyimg.com/shaidan/s616x405_jfs/t29803/51/755830500/306243/ae76fd2d/5c13da1dN9e75b586.jpg;http://img30.360buyimg.com/shaidan/s616x405_jfs/t29806/51/1067858968/263623/6e802e48/5c13da1eNcebb02c8.jpg;http://img30.360buyimg.com/shaidan/s616x405_jfs/t27313/53/2575017721/312494/6cf70267/5c13da1fN2ff330a6.jpg;http://img30.360buyimg.com/shaidan/s616x405_jfs/t26230/48/2607713869/287245/8772b181/5c13da20Nb1deebf8.jpg;http://img30.360buyimg.com/shaidan/s616x405_jfs/t29740/50/1050256770/355469/b30890e4/5c13da21Na1d4ae0e.jpg
砂***球,在x和xr之间犹豫了几天，最终选择了xr。到手第一时间就是检查手机外观，果然不负众望，右下角天线接口处有一点可能是溢出来的防水胶，不过可以弄掉，其余外观很好，红色很好看，刚好今年又是本命年。开机之后，大黑边出现了，不过我租之前去实体店看过了，所以意料之中。还有一个就是屏幕，的确不如x艳丽，为了测试，弄好所有的设置和软件后，我玩了两把王者、两把吃鸡、看了德云社等，眼睛没有酸感，对我个人来说还是很喜欢这块屏幕的，令我吃惊的是，连续玩了那么久手机竟然没有一点发热，续航能力也超赞，还有较好的性价比，毕竟这都是我选择xr的原因。还有一个问题&mdash;&mdash;快递包装超简陋&hellip;写出来给那些犹豫的人做一个参考。,2019-01-03 00:37:52,http://img30.360buyimg.com/shaidan/s616x405_jfs/t1/9979/5/11654/407336/5c2ce8e0E1c6fd7b5/55bb704bf4d2c8bc.jpg;http://img30.360buyimg.com/shaidan/s616x405_jfs/t1/15551/11/4014/362092/5c2ce8e0Ed99085fd/08bf3837d3b9811b.jpg;http://img30.360buyimg.com/shaidan/s616x405_jfs/t1/16509/22/3976/375466/5c2ce8e0E4f3dfb22/6aaceda4d18ced5a.jpg;http://img30.360buyimg.com/shaidan/s616x405_jfs/t1/9973/2/11627/374187/5c2ce8e0E3fe35f84/20484e2619da9fc7.jpg;http://img30.360buyimg.com/shaidan/s616x405_jfs/t1/25966/20/3909/392563/5c2ce8e0E65c7aaff/c36e82038a98714b.jpg;http://img30.360buyimg.com/shaidan/s616x405_jfs/t1/8722/7/11553/377171/5c2ce8e0Ebf172a59/cb9df090735d5eb3.jpg;http://img30.360buyimg.com/shaidan/s616x405_jfs/t1/12021/38/4128/295785/5c2ce8e0E96990e41/20e06c19fa7ad821.jpg;http://img30.360buyimg.com/shaidan/s616x405_jfs/t1/8827/32/11675/324606/5c2ce8e0E2f72fc16/14cb61e73d7fd21d.jpg
好***生,哈哈哈，预售期就在麦粒儿官网预定了，每天刷着物流看有无发货。整体来说XR的到货速度还是很快的，可能是因为购租的人少。到货那天下午先去深圳世界之窗APP Store看了iPhone XR样机，上手感觉还不错才决定签收?。拿到手机第一时间开箱拍了照，外包装是一如既往的风格。我之前用的iPhone 7Plus，手感方面XR上手感觉跟7Plus差不多，尺寸方面还是7Plu**XR大，因为XR是全面屏，感觉屏幕还是比7Plus大些，没用过X，所以对于屏幕分辨率方面没有对比，总体来说感觉都棒。另外，麦粒儿小哥送货速度也很快！必须要赞！?,2018-11-11 13:03:44,http://img30.360buyimg.com/shaidan/s616x405_jfs/t28837/291/100769264/519933/d998438a/5be7b82eNf83e3a28.jpg;http://img30.360buyimg.com/shaidan/s616x405_jfs/t29515/313/97295122/507668/6e1384b/5be7b830N8b9bff29.jpg;http://img30.360buyimg.com/shaidan/s616x405_jfs/t30205/90/99883895/323110/5607b79e/5be7b82cN6165a896.jpg;http://img30.360buyimg.com/shaidan/s616x405_jfs/t30820/68/95270089/349776/6a076113/5be7b82dN1e08eb7c.jpg;http://img30.360buyimg.com/shaidan/s616x405_jfs/t27388/81/1639150088/354853/7b3bf343/5be7b82dNaf1ed8c2.jpg;http://img30.360buyimg.com/shaidan/s616x405_jfs/t26143/48/1649321921/419482/cdaba1b7/5be7b82fN11ff3bca.jpg;http://img30.360buyimg.com/shaidan/s616x405_jfs/t27592/25/1625599216/290470/50dcd0f5/5be7b82cN16f890a2.jpg
C***y,给女人租的，自用max已不信任?d，去年?d租的x绿线，今年租xr，看明年还来吗，感觉后封很多灰尘,2018-10-27 17:26:45,http://img30.360buyimg.com/shaidan/s616x405_jfs/t1/2642/25/12693/500211/5bd42f55E1ac76621/2488a04191d9c572.jpg
j***a,运行速度很快，手感也好，什么边框这些都没感觉宽，可能是因为我以前用的6p，感觉也差不多，还在研究中。正品行货，棒棒棒，确实包装太不好了，也是几千块的东西，泡沫都没塞一个，直接丢箱子里面,2018-11-09 17:43:58,http://img30.360buyimg.com/shaidan/s616x405_jfs/t25510/346/2440595901/223959/a268ad45/5be556ddNb5d77863.jpg;http://img30.360buyimg.com/shaidan/s616x405_jfs/t25966/44/2453512275/241525/46d98707/5be556ddNb1f32f6f.jpg
桀***2,元旦当天租的，隔一天就送到了，物流超级快，除了物流的包装简陋其他的全部相当给力，电池也超级耐用，一下午和到早上十点还有30多的点电，，验证了是正品，麦粒儿果然给力，满分，犹豫的小伙伴不要考虑了，比实体店便宜将近1000，，租的时候有点犹豫抱着试试看的心态，到手了发现果然没有失望&hellip;太棒了,2019-01-03 12:02:05,http://img30.360buyimg.com/shaidan/s616x405_jfs/t1/20540/26/4041/88777/5c2d893dE21d00ce4/99177d849f522daf.jpg
妞***人,这是我第一次在麦粒儿租手机，不得不说麦粒儿速度是真的快，26下单27一早就收到了。我来说说xr的使用感吧，我之前用的是6p，租之前很忐忑因为是首发在~也搜了很多关于xr的使用感很多人都说这事廉价机&hellip;事实证明对于我来说并不是，被人吐槽的几点有黑框，分辨率以及厚度。我用下来觉得这些并不是什么大问题，我没有用过x或者xs，对于我这个6p用户来说，xr是真的不错，有我需要的内存大小该有的功能都有，以前没有体验到的也有了新体验，为xr证明，它不差真不差！,2018-11-03 20:41:21,http://img30.360buyimg.com/shaidan/s616x405_jfs/t1/9326/16/5304/229795/5bdd9771E282e1124/e0c6c4a463ce5c3f.jpg;http://img30.360buyimg.com/shaidan/s616x405_jfs/t1/7313/36/5339/218662/5bdd9771Eed218bb9/e046883bddd2f26f.jpg
j***嗷,领了一个六百的优惠券，便宜好多，赶紧给女朋友租了一台，她喜欢的很，哈哈哈哈，这下我就可以用她的6s了，美滋滋！,2018-11-04 12:28:48,http://img30.360buyimg.com/shaidan/s616x405_jfs/t1/4686/33/15233/93514/5bde7580E0c7a14c7/4c0ab530bbde8c9c.jpg
c***4,手机不错，拍照性能很强。屏幕效果很好，苹果的系统果然完美，果然是近期性价比最高的手机！,2018-11-05 20:06:35,http://img30.360buyimg.com/shaidan/s616x405_jfs/t1/399/5/16106/219468/5be0324bEd83e5457/eab22a78e032b0d8.jpg;http://img30.360buyimg.com/shaidan/s616x405_jfs/t1/10244/39/2203/229241/5be0324bE90a84069/db791a6684159e5f.jpg;http://img30.360buyimg.com/shaidan/s616x405_jfs/t1/2682/1/15882/247394/5be0324bEfb992723/f0cbe0ada6b47a85.jpg;http://img30.360buyimg.com/shaidan/s616x405_jfs/t1/3911/29/15916/187671/5be0324bE3b08eaba/b977484358bd7fe0.jpg
微笑他只是一种表情,那位用了2天再来评价的，还是不错的，屏幕基本看不出颗粒感。电子产品基本上都在麦粒儿租的，还没出现过什么质量问题。加油麦粒儿！加油大强子?(???&thinsp;??????? ?)?,2019-01-04 09:55:56,http://img30.360buyimg.com/shaidan/s616x405_jfs/t1/16515/11/4181/182138/5c2ebd2aEc2d648e9/a7ae89b7dc7a44ce.jpg;http://img30.360buyimg.com/shaidan/s616x405_jfs/t1/14401/6/4128/276943/5c2ebd2bEbd738aca/c1ca42f2ec37e378.jpg
小***少,上手一段时间了，老实说是挺好的，没有网上说的航母黑边那么厉害，就是比ix稍微多了一点，然后分辨率也还是不错的，看视频打游戏完全不影响，如果跟iPhoneXmas这些旗舰机来比的话，肯定有所差别，然后最让人惊喜的是系统的升级跟a12仿生，跟之前的iPhone6sp个人感觉快了一倍不止，看个人吧，如果资金足够可以考虑iPhoneXmas，如果资金欠缺又想换手机的可以xr。个人建议，另外就是给麦粒儿物流大哥一个赞??，相信麦粒儿！,2018-11-15 17:25:29,http://img30.360buyimg.com/shaidan/s616x405_jfs/t28297/145/271643242/177954/f91e4915/5bed3b89N223e7c64.jpg;http://img30.360buyimg.com/shaidan/s616x405_jfs/t26722/154/1770123971/224403/18029fb/5bed3b89N28160749.jpg
耳***风,手里拿着6000块钱，一度准备入手华为mate20pro，可随着网上曝出的负面新闻不断，自己到店里把玩几次之后发现就没有了兴趣。接着这款128GXR直接掉了1000，让我放弃了华为，以5999元入手。坦白说，华为最吸引我的就是摄像头，至于反向充电这种自杀式的配置并没#，真正陪你度过两三年的还是流畅的系统，也是无奈才选择了这个号称续航最长的iPhone。,2018-12-31 13:22:12,http://img30.360buyimg.com/shaidan/s616x405_jfs/t1/20646/5/3616/82704/5c29a80eE23df8bb0/610d3c02ca3a42cc.jpg;http://img30.360buyimg.com/shaidan/s616x405_jfs/t1/26574/3/3632/47813/5c29a80eE3d86a5af/788fe8b02627a7f7.jpg;http://img30.360buyimg.com/shaidan/s616x405_jfs/t1/11392/13/4569/48808/5c29a80fEd996fc07/ab408b9ad04559b4.jpg
F***u,很好的东西啊，用起来很不错，拍照也很好，快递速度还是这么快，加油！,2018-12-31 16:27:45,http://img30.360buyimg.com/shaidan/s616x405_jfs/t1/10031/29/7213/153103/5c29d2feE541e5695/84c88893e88aeefe.jpg;http://img30.360buyimg.com/shaidan/s616x405_jfs/t1/28725/19/3601/102707/5c29d2ffEe34e835a/7b352ef04b00fb2e.jpg;http://img30.360buyimg.com/shaidan/s616x405_jfs/t1/10389/26/7222/155530/5c29d301E507fd3d0/5df0652445c0958b.jpg
C***0,边框完全可以接受。屏幕是iPhone迄今为止最精准，亮度最高，对比度最高的LCD屏幕。A12芯片开省电模式就够用了，TSMC 7**工艺下低频能效比极好，峰值性能自然吊打一切，除了老大哥A12x。主摄像头与xs系列一致，牙膏多年终于换成1.4um所谓大底，拍照第一梯队。暂时这么多。,2018-11-10 09:06:45,http://img30.360buyimg.com/shaidan/s616x405_jfs/t25429/61/2440456142/242743/3dba9869/5be62f25N777949b8.jpg
j***6,到目前为止，还是很好的，用几天以后还会再来追评，一直支持麦粒儿的产品，希望不要让我失望,2018-11-15 09:28:38,http://img30.360buyimg.com/shaidan/s616x405_jfs/t25525/348/2717015763/260516/34ef44e4/5beccbc4N890ddfa5.jpg;http://img30.360buyimg.com/shaidan/s616x405_jfs/t25864/2/2688437470/274411/257826c1/5beccbc5Nb4bc9d7c.jpg;http://img30.360buyimg.com/shaidan/s616x405_jfs/t30838/322/231771564/299105/d31b16c7/5beccbc6Ncf884c11.jpg
j***r,运行速度很棒 先用一阵时间来追评 不错的一次购物 不到半天就送到了,2018-11-25 15:16:00,http://img30.360buyimg.com/shaidan/s616x405_jfs/t30895/31/654682904/329601/30e4331d/5bfa4c30N5a88d10c.jpg;http://img30.360buyimg.com/shaidan/s616x405_jfs/t27565/157/2195000949/241024/7e74b4a1/5bfa4c30N879d38be.jpg;http://img30.360buyimg.com/shaidan/s616x405_jfs/t29560/40/646792562/290498/5b1aaee1/5bfa4c30N569fa5dd.jpg
S***l,白条免息分期还是很划算的，租的是无线充电套装，无线充电器有点容易热，还是原装插口多充充吧，本来在华为MATE 20pro 和iPhone xr之间纠结，后来样机上手试用的时候发现我果然还是只用的惯iOS 系统，安卓系统实在用不惯，可惜了华为这么好的外观。不过xr到手以后感觉还不错，除了重了点其他无可挑剔，屏幕分辨率我觉得够用，拍照片是真的比6清晰很多，黑边我可以接受，红配黑很好看。待机时间还蛮长的，电量比较经用，系统很流畅，满意~,2018-11-08 12:08:50,http://img30.360buyimg.com/shaidan/s616x405_jfs/t1/9839/6/7571/265409/5be3b6d1E609e7a2e/ac938825072300c5.jpg;http://img30.360buyimg.com/shaidan/s616x405_jfs/t24847/153/2302428132/272201/5a050ee/5be3b6d2N5e0698c0.jpg;http://img30.360buyimg.com/shaidan/s616x405_jfs/t1/9182/24/7694/269931/5be3b6d1Ed0e37011/88c85b2de9b24c44.jpg
刘***-,还不错 很香 再麦粒儿租了好几个苹果手机了 确实不错 值得信赖、手机反应快 不过边框确实很宽 但是也不要紧、看习惯一样、不过真的很贵 虽然我对自己狠舍得但是 唯一在上面租的最贵的手机了、希望苹果越做越好、能让我分期都租的手机只有苹果?，别扯那些什么道德绑架、国产确实还得加油！好了 后续在追评了！,2018-12-26 21:28:29,http://img30.360buyimg.com/shaidan/s616x405_jfs/t1/24604/34/3050/325731/5c2381fdE94e68b8e/2c3ca558a1c34b57.jpg;http://img30.360buyimg.com/shaidan/s616x405_jfs/t1/22975/3/3066/292489/5c2381fdE4fa0c83f/892f84ecbfbc599a.jpg;http://img30.360buyimg.com/shaidan/s616x405_jfs/t1/24336/10/3041/260981/5c2381fdE84a558f9/235634ccc39ac0aa.jpg;http://img30.360buyimg.com/shaidan/s616x405_jfs/t1/17428/25/3054/243487/5c2381fdEcda6186b/47cfab011524a0c4.jpg;http://img30.360buyimg.com/shaidan/s616x405_jfs/t1/8614/11/10674/219911/5c2381fcEcfe6898e/2044ee29d8dbeb1f.jpg
Chaney丶,之前一直忘评价，使用一个月我来说说。手机是全新正品国行，已查询序列号。手机到手也检查一番，品控很棒，无缝隙无瑕疵。再说说大家吐槽最多的边框，我习惯裸机，所以没什么影响。戴套的话会明显一点，但在使用中都是没影响的。手机有点重、有点厚，不过已习惯。之前用的4.7的，现在再拿来对比，发现真的好mini。之前64G，用起来有点紧，256又有点浪费，128G足够。分辨率跟x**差点，但正常使用看不出来。A12是真的快，王者上分稳稳的，吃鸡今天新赛季，屏幕大视野好，操作也流畅，吃鸡稳稳的。最后是锁屏壁纸，还有，珊瑚红是真的好看！！！（纯手敲）,2018-12-05 15:31:27,http://img30.360buyimg.com/shaidan/s616x405_jfs/t1/8515/19/7649/230749/5c077ecfE44a261ac/cbb9e7a06ed315b0.jpg;http://img30.360buyimg.com/shaidan/s616x405_jfs/t1/14023/3/154/172036/5c077ecfE5b517af6/1f1d025d73d1ce3e.jpg;http://img30.360buyimg.com/shaidan/s616x405_jfs/t1/26459/6/147/199591/5c077ecfE545fbddb/30b72ca3f95965a0.jpg;http://img30.360buyimg.com/shaidan/s616x405_jfs/t1/6829/32/7861/211334/5c077ecfEca5aaf97/8d2bb68e50874cf4.jpg;http://img30.360buyimg.com/shaidan/s616x405_jfs/t1/16138/4/163/150154/5c077ecfE48f0b9fe/c70f04711b899f5c.jpg;http://img30.360buyimg.com/shaidan/s616x405_jfs/t1/20836/23/151/150401/5c077ecfE06c4b76f/be72be19658eaf88.jpg;http://img30.360buyimg.com/shaidan/s616x405_jfs/t1/9633/30/7852/236239/5c077ecfEab5a3161/b20e4a8d3129341c.jpg;http://img30.360buyimg.com/shaidan/s616x405_jfs/t1/9186/10/7854/153420/5c077ecfE832fafb2/301493181feae4e7.jpg;http://img30.360buyimg.com/shaidan/s616x405_jfs/t1/28525/8/152/146137/5c077ecfEb73bc82b/c81402878b9997b6.jpg
j***t,非常完美，重手感特别好 不像网上说的那么坏，后面摄像头 很大特别好看，厚一点我觉得很好 今天刚收到 租的壳和膜在路上 哈哈，很喜欢 希望对租的人有帮助，有什么想问的可以问我，不要听黑粉的，,2018-10-28 11:04:10,http://img30.360buyimg.com/shaidan/s616x405_jfs/t1/5392/35/12864/217000/5bd52729E58694b49/8af9e7b43f8fcdcf.jpg;http://img30.360buyimg.com/shaidan/s616x405_jfs/t1/7846/20/3013/187472/5bd52729E1e668c3c/567e7a2deff7463f.jpg;http://img30.360buyimg.com/shaidan/s616x405_jfs/t1/5830/4/12764/233640/5bd5272aE40d96507/b590bc3038978254.jpg
jd182229tcr,一开始对xr也很鄙夷，看不上它的黑边和屏幕以及单摄。但奈何囊中羞涩，又无法放弃IOS的操作习惯与多设备无缝交互（有**p和pad以及大量iCloud照片），无奈之下租了XR。到手之后，嗯。。。真香！电池续航真不是盖的，原来6s一天到晚离不开充电器，如今中度使用一天没问题（不打游戏，刷微博微信和日常电话等）重度使用两天三冲（打游戏）。一把王者荣耀耗电在5%左右，几乎不发热更不用担心发烫了。我看同学的X续航弱爆了，他一有机会就充电，而我完全不用担心。出门一天拍照加各种正常使用，回来绝对还剩30%以上的电！拍照除了无法物品景深之外，其他都很好，拍人像和xs几乎没有区别。夜景能力也不错。物品景深效果可以自己下载软件Focos实现至于黑边问题，不要租深色手机壳，透明壳配红色超棒！壁纸选择四周是黑色的那种深色壁纸，不刻意在意的话，完全忽略了黑边甚至刘海的存在。大果粒你不拿放大镜是看不到的，我是做过近视眼手术的，很在意屏幕，不敢租OLED，习惯了lcd屏很舒服，晚上关灯后玩手机也不会眼睛痛，注意最好把原彩显示关掉，费电且总是亮度变化对眼睛不好感觉很累，可以去设置里打开色彩调节手动护眼。,2018-11-15 09:58:59,http://img30.360buyimg.com/shaidan/s616x405_jfs/t29638/292/233252251/236785/28531063/5becd2e3Nb7bb4722.jpg;http://img30.360buyimg.com/shaidan/s616x405_jfs/t29374/301/237242056/226172/762c9038/5becd2e3N280b844d.jpg;http://img30.360buyimg.com/shaidan/s616x405_jfs/t27235/43/1795222173/224013/3fb1be6d/5becd2e3N3c64bfb5.jpg;http://img30.360buyimg.com/shaidan/s616x405_jfs/t29992/275/241149035/300392/df3ae9fd/5becd2e3N31a13bdc.jpg;http://img30.360buyimg.com/shaidan/s616x405_jfs/t27910/265/241483772/157496/b8feada8/5becd2e3N9181ae64.jpg
胡***欧,用了一周，从ip6换过来，各方面都舒畅很好用，屏幕不刺眼，也一点没觉得黑框不舒适。之前纠结白色or红色，结果红色没有让我失望呀，很赞～物流小哥也很尽责，好评～,2018-12-23 20:48:32,http://img30.360buyimg.com/shaidan/s616x405_jfs/t1/29060/26/2706/251372/5c1f841fE4b9ff3a6/b14425079fb7d9a1.jpg;http://img30.360buyimg.com/shaidan/s616x405_jfs/t1/7165/23/10223/267436/5c1f841fE7750c13f/bbdc586e8501bf09.jpg
北城之北er,用起来很好，比之前安卓手机好用的多，第一次尝试苹果，面部识别刚开始可能不太灵敏，黑边也能接受，续航能力确实不错，手机我算是经常用，一天下来还有20%。游戏性能A12就不多说了，很强，拍照比其他旗舰可能差一点，但苹果的单摄还是很强，比不上其他旗舰，吊打中高端一大部分没问题,2018-11-18 20:29:38,http://img30.360buyimg.com/shaidan/s616x405_jfs/t28531/229/362936391/257447/1c920166/5bf15b32Ne1be32a4.jpg
jd_137903ehbe,电量很耐用，手机屏幕大小适中，嗯嗯嗯很喜欢很满意,2018-11-13 00:12:36,http://img30.360buyimg.com/shaidan/s616x405_jfs/t26206/276/1733308190/260738/de72e3fb/5be9a66dN8f407249.jpg;http://img30.360buyimg.com/shaidan/s616x405_jfs/t26356/276/1671976310/235138/9e403cef/5be9a670Nba611336.jpg;http://img30.360buyimg.com/shaidan/s616x405_jfs/t28297/177/156037205/265282/ae6a58a9/5be9a673Neab690db.jpg
z***5,首先是双十一租的，物流异常给力，今晚就到手了，很不错，网上各种评论这个黑边如何如何，你们都是窄边用习惯了，或者用过X的人，从6SP过来的表示能接受，做工没那么不靠谱，仔细看看质感很好啊，可能我两年半没换机器了比较out，屏幕显示很OK，没那么夸张，我看不清楚颗粒感，可能别人的视力比我5.0还好点吧，券跟免息都很不错，支持麦粒儿！,2018-11-12 21:19:56,http://img30.360buyimg.com/shaidan/s616x405_jfs/t29842/159/157562562/206344/80b2c68e/5be97dfcNeae18dbd.jpg;http://img30.360buyimg.com/shaidan/s616x405_jfs/t29128/154/163110559/173141/93782de6/5be97dfcNeeab3f41.jpg;http://img30.360buyimg.com/shaidan/s616x405_jfs/t25858/285/2552060647/138069/6095221/5be97dfcN64f1a7dd.jpg
j***1,麦粒儿物流很快，手机很喜欢，正好赶上满减和十二期免息分期，太划算了。以后还会支持的，五个赞。,2018-11-02 10:20:40,http://img30.360buyimg.com/shaidan/s616x405_jfs/t1/7655/14/4723/115284/5bdbb478E021c7c17/25cca7d3c7b9ce8c.jpg
C***e,打了很多字，都是客观评价，这里放不了那么多字，看图,2018-10-27 23:50:48,http://img30.360buyimg.com/shaidan/s616x405_jfs/t1/9738/31/2809/372680/5bd48958E4155b387/8df062dad704d9ed.jpg;http://img30.360buyimg.com/shaidan/s616x405_jfs/t1/2212/38/12533/378689/5bd48958Effd9826b/d55c3c702cb6f7e1.jpg;http://img30.360buyimg.com/shaidan/s616x405_jfs/t1/8662/30/2938/245226/5bd48957E80d10201/b8be5d1cf99ef872.jpg;http://img30.360buyimg.com/shaidan/s616x405_jfs/t1/7324/4/3012/363886/5bd48958Ec4acdeea/8deed90c693cb241.jpg;http://img30.360buyimg.com/shaidan/s616x405_jfs/t1/2658/23/12664/263150/5bd48958E202f1470/730832e96d4f4241.jpg;http://img30.360buyimg.com/shaidan/s616x405_jfs/t1/7576/19/2956/388952/5bd48958Ec3906bcd/1ad5995460c2b4fc.jpg
一阵风吹天下,试用了一会儿，还行，比较厚实！,2018-10-27 09:48:34,http://img30.360buyimg.com/shaidan/s616x405_jfs/t1/7791/32/2741/365605/5bd3c3f2Ec080f06e/cac40467885e8bf2.jpg
j***u,套上保护套有点很厚 还不如租个8系的 和苹果Ｘ。,2018-10-28 19:25:51,http://img30.360buyimg.com/shaidan/s616x405_jfs/t1/8841/21/3202/243086/5bd59cbfE3b6b2fe1/7794313c847ebd4d.jpg;http://img30.360buyimg.com/shaidan/s616x405_jfs/t1/5129/34/12863/333686/5bd59cbfE33130a91/4cd25997364050a0.jpg;http://img30.360buyimg.com/shaidan/s616x405_jfs/t1/7454/20/3197/198296/5bd59cbfE3807c7a1/0672116ad43f2ed4.jpg;http://img30.360buyimg.com/shaidan/s616x405_jfs/t1/7211/11/3119/265963/5bd59cbfE21e9e19c/362f728e94546ee3.jpg
j***4,做工很好，黑色超漂亮，屏幕也很大，还能双卡，还领了600块的优惠券，麦粒儿快递真是超给力，一天从@送到哈尔滨,2018-11-02 20:02:06,http://img30.360buyimg.com/shaidan/s616x405_jfs/t1/7275/36/4926/315703/5bdc3cbeE5f1f33a8/297d2ede3aa649e7.jpg
V***丶,26号当天就到了！满意，灰常满意！！?,2018-10-27 15:14:24,http://img30.360buyimg.com/shaidan/s616x405_jfs/t1/2049/15/12631/187574/5bd4104fE53eabbf1/e149512d92bf6934.jpg
侯***g,美美哒，刷脸贼灵敏,2018-10-27 21:56:53,http://img30.360buyimg.com/shaidan/s616x405_jfs/t1/8314/21/2940/263023/5bd46ea4Eac842dac/25a08d2b1342839e.jpg;http://img30.360buyimg.com/shaidan/s616x405_jfs/t1/1/20/13701/505519/5bd46ea4E399763a1/05ac77e8f1d056a1.jpg;http://img30.360buyimg.com/shaidan/s616x405_jfs/t1/1568/1/12804/203987/5bd46ea4Ee5f332ef/2c786719abf7f568.jpg;http://img30.360buyimg.com/shaidan/s616x405_jfs/t1/331/35/12827/516364/5bd46ea4E2f8eaf70/a405e61267770c21.jpg;http://img30.360buyimg.com/shaidan/s616x405_jfs/t1/6302/35/3334/532753/5bd46ea4E4cecd173/72d91280420577ca.jpg;http://img30.360buyimg.com/shaidan/s616x405_jfs/t1/1768/33/12720/235224/5bd46ea4Eb447a908/4193e87e5fefd0dc.jpg;http://img30.360buyimg.com/shaidan/s616x405_jfs/t1/6088/19/3324/265211/5bd46ea4E999a7af8/7387f2c47e496c6a.jpg;http://img30.360buyimg.com/shaidan/s616x405_jfs/t1/47/18/13787/585178/5bd46ea5Ee00e4ab2/f3d8171315b8e99c.jpg
谢***t,很好看哦！！！！客服也很耐心 边框其实租之前一直嫌弃 其实拿到手了根本无所谓 只是！！！！才到的充电器和耳机掉在车上了 哭泣,2018-10-31 08:17:24,http://img30.360buyimg.com/shaidan/s616x405_jfs/t1/2134/24/13532/131580/5bd8f494E39e44ad7/ca895941509d931f.jpg;http://img30.360buyimg.com/shaidan/s616x405_jfs/t1/2079/17/13604/98131/5bd8f494E815a66c0/e400ac134e1fe536.jpg
p***g,包装完好，本过是原装未拆封未@的，不过我开封见是开机状态的，验过不是别人退货的机，没有所谓的屏幕分辨率不好的情况，本人从SE升级到XR感觉不错，屏幕也好清晰，运行比SE快，玩王者荣耀和吃鸡没压力，就是少了个键还不习惯，慢慢玩玩就好了，玩几日再来追评,2018-11-09 20:44:33,http://img30.360buyimg.com/shaidan/s616x405_jfs/t30775/343/20261937/348964/59f6aef0/5be58131N292be165.jpg
双***y,给奶奶租的，因为老人家本来用的就是移动的号码，也不需要双卡，就租的这个移动先行版。XR我把玩起来手感还挺不错的，显示屏分辨率没有想象的那么差，Apple是专门为了这个让人**的分辨率做了全面的优化的，而且这款液态视网膜屏幕除了分辨率有点**，其余各方面素质都很高！和我自己用的XsMax相比，差距不会很明显感觉到。没有3D touch也无伤大雅，毕竟是给老人用的，为了搭配Apple Watch 4。作为基本款的iPhone，奶奶很满意，而且老人最喜欢红色的手机，所以特意租的红色款，不得不说Apple的PRODUCT RED真的是让人看着很舒服很正的红色，感觉比两年前给我奶奶租的OPPO R9s新年红要好看。图片和视频中手机是贴了膜的，安装的就是Apple为XR做的那款原装的透明壳，顺便说一下，这个透明壳是我见过做工、质量、颜值等方面最好的一款，当然也是最贵的一款！安上壳之后原本的颜色完全能表现出来。,2019-01-09 13:32:08,http://img30.360buyimg.com/shaidan/s616x405_jfs/t1/25602/13/4779/221395/5c358758Ef7820a2d/06a2bff038218dbd.jpg;http://img30.360buyimg.com/shaidan/s616x405_jfs/t1/7489/34/12567/362648/5c358758E9848e354/583a8309c48c71b3.jpg;http://img30.360buyimg.com/shaidan/s616x405_jfs/t1/24136/1/4815/383674/5c358758E47c40190/09862f7c4b8730b9.jpg;http://img30.360buyimg.com/shaidan/s616x405_jfs/t1/26037/39/4792/172579/5c358758Ebbb749c8/213c34c303009750.jpg;http://img30.360buyimg.com/shaidan/s616x405_jfs/t1/26990/26/4850/215266/5c358758E59c315dc/caf8c6d848e9824f.jpg
月***锋,手机还可以吧，速度很快。包装这次很危险，只是一个小盒子，很担心压坏了。另外这个手机黑边确实很大。不喜欢黑边的请绕道更贵的。另外不知道是封装的原因还是显示屏啥原因，点击的时候感觉屏幕下面是空的，有噗噗的声音，有点不爽。不知道其他人是不是这样，手机比我想象想象的厚很多，有8个多毫米，真不知道乔布斯会不会气的跳起来，没有追求极致。这么厚也就算了，摄像头还凸出来好大一截，好吧，第一次租苹果，有点小失望，先先用用看吧，没办法，系统和处理器还是很牛#，拍照效果也很好。电池貌似也很耐用！,2018-11-13 09:26:09,http://img30.360buyimg.com/shaidan/s616x405_jfs/t28198/60/160158488/49052/51bd56fa/5bea282cNc1934f7a.jpg;http://img30.360buyimg.com/shaidan/s616x405_jfs/t26965/84/1702423718/51520/36764be5/5bea282dNc5ac5dbd.jpg;http://img30.360buyimg.com/shaidan/s616x405_jfs/t25240/179/2558826833/70543/8bc87eca/5bea282dN8167bb21.jpg;http://img30.360buyimg.com/shaidan/s616x405_jfs/t24751/92/2584453372/54309/79239a0f/5bea282eNb696da48.jpg;http://img30.360buyimg.com/shaidan/s616x405_jfs/t26272/85/1702399192/49465/bd60cd25/5bea282eNd8235277.jpg;http://img30.360buyimg.com/shaidan/s616x405_jfs/t28336/149/178190311/77338/6888a3b2/5bea282fNbd187dd1.jpg;http://img30.360buyimg.com/shaidan/s616x405_jfs/t24802/96/2103892407/69196/67565410/5bea282fNf80ed4dd.jpg;http://img30.360buyimg.com/shaidan/s616x405_jfs/t30613/155/163908464/90809/7537474c/5bea2830N4f32bd93.jpg;http://img30.360buyimg.com/shaidan/s616x405_jfs/t30652/154/164391848/130167/fd4ac8d1/5bea2831N2740f6ca.jpg
L***k,优点：大屏，电池，流畅度，摄像   拍照HDR 人像模式。缺点：斜纹屏，泛红屏，边框缝隙能插纸。苹果品控真的**&hellip;,2018-11-05 22:53:07,http://img30.360buyimg.com/shaidan/s616x405_jfs/t1/2835/30/15997/271070/5be05952Ee6d3551b/a05d3f0de2223022.jpg;http://img30.360buyimg.com/shaidan/s616x405_jfs/t1/5644/29/15704/166116/5be05952Ec3a70c28/5eee3b81d7f70850.jpg
g***4,感觉非常好，拍照非常棒！,2018-11-01 13:25:14,http://img30.360buyimg.com/shaidan/s616x405_jfs/t1/5120/9/14087/282192/5bda8e3aE8bfa6edb/f0e421769f17124b.jpg;http://img30.360buyimg.com/shaidan/s616x405_jfs/t1/551/33/14352/220892/5bda8e3aE404b80e6/15dfd15fdcb30629.jpg
超***虎,屏幕没看出差别，拍照确实强，没毛病，厚了点，裸奔太滑了，最强处理器中的最低配。真的别跟我谈安卓，我愿意花6500租最低配的A12也不花3500租高配的845，不为赚钱而努力就等着为省钱而烦恼吧！,2018-11-06 00:23:02,http://img30.360buyimg.com/shaidan/s616x405_jfs/t1/2878/18/15981/259749/5be06e65Edf42aef2/d817019e8203edf3.jpg;http://img30.360buyimg.com/shaidan/s616x405_jfs/t1/6708/5/6515/293238/5be06e66Eda2f482c/3e1891394620ff80.jpg;http://img30.360buyimg.com/shaidan/s616x405_jfs/t1/5193/34/16030/205008/5be06e66Ee0e6ac6c/3579e5ef12d040e0.jpg
踏***丷,外观是我很喜欢的，简约的刘海全面屏，因为在体验店试过几次所以在外观和颜色上都是很满意的。接着是性能，继承了苹果一如既往的流畅，但是信号吧，网络信号有点卡，可能是地区偏，但是不影响使用，人脸识别也很流畅。接着说质量，手机盒后面未拆封可以查序列号，是全新的国航，不存在二手行为，全新无灰尘无划痕。很满意，希望接下来没什么使用问题。这样我就有理由继续在这家店卖平板，手表这些东西了。,2018-12-22 01:49:40,
-***温,xr128g 双十一租的  也租了月44元的保修延保 物流：在此也不想多做评价，毕竟双十一，麦粒儿本家快递从杭州仓发货到隔壁城市用了7天，联系了客服，最后还算满意的解决方式。互相理解 到货那天下的大雨，好在宝贝还算可以吧 收货开箱：如一些评价大神说的一样，手机盒外面只有麦粒儿的一层薄膜包装，好像官货有一层原装薄膜？我不太清楚，大神勿喷初步验收，镜头、边框无灰 三码匹配 电池运输过程中有屏幕点亮 物流碰触而已使用过程：最关注的就是信号问题 说句实话，真的不是特别好，真实存在一些问题，虽不像某些黑子所说的那般差劲，但也经历了两次在信号比较不好的地方，突然没了网。 等了一会 信号满格、上网4g依旧显示但就是没有任何网络。对此解决办法：第一次关机重启，后来听说飞行开关后也可以，也算方便？安慰自己了。游戏：王者吃鸡，4g运行很少遇到突然460 除非短信 拦也拦不住，流畅运行，游戏机称号还是当得起的相机：个人对此没有过多追求，就比xs少了两个什么舞台光吧。夜景拍摄比之前用的小米6来说是好了很多哈哈，相机成色真的非常出色。只能发500字，有什么不清楚的小可爱可以问我 写不下了。不测评了。,2018-12-18 10:39:39,http://img30.360buyimg.com/shaidan/s616x405_jfs/t1/11746/4/2832/187654/5c185deaE193a4216/ac09d947c6d7d61f.jpg;http://img30.360buyimg.com/shaidan/s616x405_jfs/t1/14189/7/1959/305763/5c185deaEf0588628/93be3a854e5db526.jpg;http://img30.360buyimg.com/shaidan/s616x405_jfs/t1/23469/38/2016/342791/5c185deaE94897330/3a304501a76bc314.jpg;http://img30.360buyimg.com/shaidan/s616x405_jfs/t1/14216/27/2015/212283/5c185deaEd2201ea3/caf218ddd4b6c175.jpg;http://img30.360buyimg.com/shaidan/s616x405_jfs/t1/16541/39/1960/256100/5c185deaE838ff60d/d55f3ce93df3bfda.jpg
j***s,好用，确实比较厚，还没贴膜套壳，不清楚最终厚度，速度很快，屏幕分辨率个人觉得没啥问题，双十一6199租的，就苹果来说性价比很高了外观对我来说不太注重，屏幕很大，很爽,2018-11-13 17:46:03,http://img30.360buyimg.com/shaidan/s616x405_jfs/t30235/287/187829960/282786/e9306c4e/5bea9d5aNa4af3a56.jpg
j***z,此用户未填写评价内容,2018-11-09 16:11:24,
爆***屋,外观真的很漂亮，之前一直在用iphone6，换了XR之后觉得苹果还是一如既往好用！,2019-01-03 20:44:19,http://img30.360buyimg.com/shaidan/s616x405_jfs/t1/16005/6/4082/178705/5c2e03a3E65369e56/fdcd0d6f12793856.jpg;http://img30.360buyimg.com/shaidan/s616x405_jfs/t1/18753/12/4110/131383/5c2e03a3Ea14af0c7/282e588c6b8e0aa8.jpg
王***8,刚收到货，感觉还可以。毕竟性价比高嘛，没有好高的要求。打算拿给老公上班用。刚设置完，有些软件打不开，还以为租到@了呢。过会儿又能打开了，不是@。???期待苹果的手机能用得久点，家里已经三台苹果的设备了。感觉自己是真爱苹果粉啊???。。。,2018-12-30 19:25:19,http://img30.360buyimg.com/shaidan/s616x405_jfs/t1/26854/21/3608/406887/5c28ab1eE5ba7fa91/251fd64fd35b3c21.jpg;http://img30.360buyimg.com/shaidan/s616x405_jfs/t1/14475/20/3652/339863/5c28ab1eE1cfab759/26cdb871a9c2a8ef.jpg;http://img30.360buyimg.com/shaidan/s616x405_jfs/t1/8106/27/10495/366531/5c28ab1eE724fd39b/5b8dc1b46e87c219.jpg;http://img30.360buyimg.com/shaidan/s616x405_jfs/t1/6318/17/11580/125015/5c28ab1dE968294e3/5cc10a23ee6f51c3.jpg;http://img30.360buyimg.com/shaidan/s616x405_jfs/t1/22653/16/3584/303176/5c28ab1eEdd521081/82fc8bc476bcf8ed.jpg;http://img30.360buyimg.com/shaidan/s616x405_jfs/t1/17602/28/3588/372197/5c28ab1eE5eec8f59/54be97667c7a6a62.jpg
s***n,用了好些天来评价一下。用起来顺畅，屏幕看着比之前手机颜色暖，不过看着很舒服。之前用6，也没有3d touch，所以也没有什么影响。待机时间非常满意，双卡正常用一整天足够。没有看真机直接下单的，上手感觉就是颜值可以，但厚、重。黑边的话，我没有太在意，鉴于这厚度和重量，干脆又淘了个壳戴上，不要太可爱～黑边的感觉也有弱化,2018-11-04 21:42:06,http://img30.360buyimg.com/shaidan/s616x405_jfs/t1/3534/20/15494/279127/5bdef72dE7ac56bec/a746dd3dbd83e1bb.jpg;http://img30.360buyimg.com/shaidan/s616x405_jfs/t1/5966/32/15611/278888/5bdef72dE5ee9de26/d1ae27d2f009db23.jpg;http://img30.360buyimg.com/shaidan/s616x405_jfs/t1/8737/20/5747/313687/5bdef72dE5a1f23da/deabd0b7af6060f4.jpg;http://img30.360buyimg.com/shaidan/s616x405_jfs/t1/848/25/15786/322060/5bdef72dE6984ab99/825ff9c25cc1d77c.jpg
